Application No.,First Choice Program
2026-00062,BACHELOR OF SCIENCE IN ACCOUNTANCY
2026-00083,BACHELOR OF SCIENCE IN ACCOUNTANCY
2026-00094,BACHELOR OF SCIENCE IN ACCOUNTANCY
2026-00243,BACHELOR OF SCIENCE IN ACCOUNTANCY
2026-00362,BACHELOR OF SCIENCE IN ACCOUNTANCY
2026-01273,BACHELOR OF SCIENCE IN ACCOUNTANCY
2026-01360,BACHELOR OF SCIENCE IN ACCOUNTANCY
2026-01409,BACHELOR OF SCIENCE IN ACCOUNTANCY
2026-01410,BACHELOR OF SCIENCE IN ACCOUNTANCY
2026-01472,BACHELOR OF SCIENCE IN ACCOUNTANCY
2026-01619,BACHELOR OF SCIENCE IN ACCOUNTANCY
2026-01667,BACHELOR OF SCIENCE IN ACCOUNTANCY
2026-01681,BACHELOR OF SCIENCE IN ACCOUNTANCY
2026-01833,BACHELOR OF SCIENCE IN ACCOUNTANCY
2026-01972,BACHELOR OF SCIENCE IN ACCOUNTANCY
2026-02036,BACHELOR OF SCIENCE IN ACCOUNTANCY
2026-02314,BACHELOR OF SCIENCE IN ACCOUNTANCY
2026-02353,BACHELOR OF SCIENCE IN ACCOUNTANCY
2026-02458,BACHELOR OF SCIENCE IN ACCOUNTANCY
2026-02461,BACHELOR OF SCIENCE IN ACCOUNTANCY
2026-02512,BACHELOR OF SCIENCE IN ACCOUNTANCY
2026-02587,BACHELOR OF SCIENCE IN ACCOUNTANCY
2026-02960,BACHELOR OF SCIENCE IN ACCOUNTANCY
2026-03054,BACHELOR OF SCIENCE IN ACCOUNTANCY
2026-03061,BACHELOR OF SCIENCE IN ACCOUNTANCY
2026-03261,BACHELOR OF SCIENCE IN ACCOUNTANCY
2026-03470,BACHELOR OF SCIENCE IN ACCOUNTANCY
2026-03733,BACHELOR OF SCIENCE IN ACCOUNTANCY
2026-03839,BACHELOR OF SCIENCE IN ACCOUNTANCY
2026-03861,BACHELOR OF SCIENCE IN ACCOUNTANCY
2026-03862,BACHELOR OF SCIENCE IN ACCOUNTANCY
2026-03879,BACHELOR OF SCIENCE IN ACCOUNTANCY
2026-03992,BACHELOR OF SCIENCE IN ACCOUNTANCY
2026-04253,BACHELOR OF SCIENCE IN ACCOUNTANCY
2026-04311,BACHELOR OF SCIENCE IN ACCOUNTANCY
2026-04333,BACHELOR OF SCIENCE IN ACCOUNTANCY
2026-04358,BACHELOR OF SCIENCE IN ACCOUNTANCY
2026-04440,BACHELOR OF SCIENCE IN ACCOUNTANCY
2026-04623,BACHELOR OF SCIENCE IN ACCOUNTANCY
2026-04723,BACHELOR OF SCIENCE IN ACCOUNTANCY
2026-04971,BACHELOR OF SCIENCE IN ACCOUNTANCY
2026-04999,BACHELOR OF SCIENCE IN ACCOUNTANCY
2026-05101,BACHELOR OF SCIENCE IN ACCOUNTANCY
2026-05195,BACHELOR OF SCIENCE IN ACCOUNTANCY
2026-05216,BACHELOR OF SCIENCE IN ACCOUNTANCY
2026-05341,BACHELOR OF SCIENCE IN ACCOUNTANCY
2026-05476,BACHELOR OF SCIENCE IN ACCOUNTANCY
2026-05586,BACHELOR OF SCIENCE IN ACCOUNTANCY
2026-05674,BACHELOR OF SCIENCE IN ACCOUNTANCY
2026-05768,BACHELOR OF SCIENCE IN ACCOUNTANCY
2026-05926,BACHELOR OF SCIENCE IN ACCOUNTANCY
2026-06032,BACHELOR OF SCIENCE IN ACCOUNTANCY
2026-06092,BACHELOR OF SCIENCE IN ACCOUNTANCY
2026-06190,BACHELOR OF SCIENCE IN ACCOUNTANCY
2026-06236,BACHELOR OF SCIENCE IN ACCOUNTANCY
2026-06273,BACHELOR OF SCIENCE IN ACCOUNTANCY
2026-06352,BACHELOR OF SCIENCE IN ACCOUNTANCY
2026-06397,BACHELOR OF SCIENCE IN ACCOUNTANCY
2026-06403,BACHELOR OF SCIENCE IN ACCOUNTANCY
2026-06457,BACHELOR OF SCIENCE IN ACCOUNTANCY
2026-06527,BACHELOR OF SCIENCE IN ACCOUNTANCY
2026-07309,BACHELOR OF SCIENCE IN ACCOUNTANCY
2026-07336,BACHELOR OF SCIENCE IN ACCOUNTANCY
2026-07340,BACHELOR OF SCIENCE IN ACCOUNTANCY
2026-07365,BACHELOR OF SCIENCE IN ACCOUNTANCY
2026-07455,BACHELOR OF SCIENCE IN ACCOUNTANCY
2026-07463,BACHELOR OF SCIENCE IN ACCOUNTANCY
2026-07489,BACHELOR OF SCIENCE IN ACCOUNTANCY
2026-07533,BACHELOR OF SCIENCE IN ACCOUNTANCY
2026-07565,BACHELOR OF SCIENCE IN ACCOUNTANCY
2026-07617,BACHELOR OF SCIENCE IN ACCOUNTANCY
2026-07652,BACHELOR OF SCIENCE IN ACCOUNTANCY
2026-07714,BACHELOR OF SCIENCE IN ACCOUNTANCY
2026-07742,BACHELOR OF SCIENCE IN ACCOUNTANCY
2026-08035,BACHELOR OF SCIENCE IN ACCOUNTANCY
2026-08165,BACHELOR OF SCIENCE IN ACCOUNTANCY
2026-08579,BACHELOR OF SCIENCE IN ACCOUNTANCY
2026-08986,BACHELOR OF SCIENCE IN ACCOUNTANCY
2026-08996,BACHELOR OF SCIENCE IN ACCOUNTANCY
2026-09096,BACHELOR OF SCIENCE IN ACCOUNTANCY
2026-09099,BACHELOR OF SCIENCE IN ACCOUNTANCY
2026-09233,BACHELOR OF SCIENCE IN ACCOUNTANCY
2026-09272,BACHELOR OF SCIENCE IN ACCOUNTANCY
2026-09347,BACHELOR OF SCIENCE IN ACCOUNTANCY
2026-09364,BACHELOR OF SCIENCE IN ACCOUNTANCY
2026-09366,BACHELOR OF SCIENCE IN ACCOUNTANCY
2026-09411,BACHELOR OF SCIENCE IN ACCOUNTANCY
2026-09583,BACHELOR OF SCIENCE IN ACCOUNTANCY
2026-09620,BACHELOR OF SCIENCE IN ACCOUNTANCY
2026-09814,BACHELOR OF SCIENCE IN ACCOUNTANCY
2026-00037,BACHELOR OF SCIENCE IN BUSINESS ADMINISTRATION MAJOR IN FINANCIAL MANAGEMENT
2026-00260,BACHELOR OF SCIENCE IN BUSINESS ADMINISTRATION MAJOR IN FINANCIAL MANAGEMENT
2026-00313,BACHELOR OF SCIENCE IN BUSINESS ADMINISTRATION MAJOR IN FINANCIAL MANAGEMENT
2026-00341,BACHELOR OF SCIENCE IN BUSINESS ADMINISTRATION MAJOR IN FINANCIAL MANAGEMENT
2026-00441,BACHELOR OF SCIENCE IN BUSINESS ADMINISTRATION MAJOR IN FINANCIAL MANAGEMENT
2026-00536,BACHELOR OF SCIENCE IN BUSINESS ADMINISTRATION MAJOR IN FINANCIAL MANAGEMENT
2026-00693,BACHELOR OF SCIENCE IN BUSINESS ADMINISTRATION MAJOR IN FINANCIAL MANAGEMENT
2026-00714,BACHELOR OF SCIENCE IN BUSINESS ADMINISTRATION MAJOR IN FINANCIAL MANAGEMENT
2026-00821,BACHELOR OF SCIENCE IN BUSINESS ADMINISTRATION MAJOR IN FINANCIAL MANAGEMENT
2026-01169,BACHELOR OF SCIENCE IN BUSINESS ADMINISTRATION MAJOR IN FINANCIAL MANAGEMENT
2026-01242,BACHELOR OF SCIENCE IN BUSINESS ADMINISTRATION MAJOR IN FINANCIAL MANAGEMENT
2026-01284,BACHELOR OF SCIENCE IN BUSINESS ADMINISTRATION MAJOR IN FINANCIAL MANAGEMENT
2026-01535,BACHELOR OF SCIENCE IN BUSINESS ADMINISTRATION MAJOR IN FINANCIAL MANAGEMENT
2026-01594,BACHELOR OF SCIENCE IN BUSINESS ADMINISTRATION MAJOR IN FINANCIAL MANAGEMENT
2026-01769,BACHELOR OF SCIENCE IN BUSINESS ADMINISTRATION MAJOR IN FINANCIAL MANAGEMENT
2026-01901,BACHELOR OF SCIENCE IN BUSINESS ADMINISTRATION MAJOR IN FINANCIAL MANAGEMENT
2026-02015,BACHELOR OF SCIENCE IN BUSINESS ADMINISTRATION MAJOR IN FINANCIAL MANAGEMENT
2026-02104,BACHELOR OF SCIENCE IN BUSINESS ADMINISTRATION MAJOR IN FINANCIAL MANAGEMENT
2026-02265,BACHELOR OF SCIENCE IN BUSINESS ADMINISTRATION MAJOR IN FINANCIAL MANAGEMENT
2026-02396,BACHELOR OF SCIENCE IN BUSINESS ADMINISTRATION MAJOR IN FINANCIAL MANAGEMENT
2026-02652,BACHELOR OF SCIENCE IN BUSINESS ADMINISTRATION MAJOR IN FINANCIAL MANAGEMENT
2026-02721,BACHELOR OF SCIENCE IN BUSINESS ADMINISTRATION MAJOR IN FINANCIAL MANAGEMENT
2026-02889,BACHELOR OF SCIENCE IN BUSINESS ADMINISTRATION MAJOR IN FINANCIAL MANAGEMENT
2026-03291,BACHELOR OF SCIENCE IN BUSINESS ADMINISTRATION MAJOR IN FINANCIAL MANAGEMENT
2026-03300,BACHELOR OF SCIENCE IN BUSINESS ADMINISTRATION MAJOR IN FINANCIAL MANAGEMENT
2026-03454,BACHELOR OF SCIENCE IN BUSINESS ADMINISTRATION MAJOR IN FINANCIAL MANAGEMENT
2026-03695,BACHELOR OF SCIENCE IN BUSINESS ADMINISTRATION MAJOR IN FINANCIAL MANAGEMENT
2026-04141,BACHELOR OF SCIENCE IN BUSINESS ADMINISTRATION MAJOR IN FINANCIAL MANAGEMENT
2026-04274,BACHELOR OF SCIENCE IN BUSINESS ADMINISTRATION MAJOR IN FINANCIAL MANAGEMENT
2026-04344,BACHELOR OF SCIENCE IN BUSINESS ADMINISTRATION MAJOR IN FINANCIAL MANAGEMENT
2026-04346,BACHELOR OF SCIENCE IN BUSINESS ADMINISTRATION MAJOR IN FINANCIAL MANAGEMENT
2026-04379,BACHELOR OF SCIENCE IN BUSINESS ADMINISTRATION MAJOR IN FINANCIAL MANAGEMENT
2026-04434,BACHELOR OF SCIENCE IN BUSINESS ADMINISTRATION MAJOR IN FINANCIAL MANAGEMENT
2026-04770,BACHELOR OF SCIENCE IN BUSINESS ADMINISTRATION MAJOR IN FINANCIAL MANAGEMENT
2026-04784,BACHELOR OF SCIENCE IN BUSINESS ADMINISTRATION MAJOR IN FINANCIAL MANAGEMENT
2026-04949,BACHELOR OF SCIENCE IN BUSINESS ADMINISTRATION MAJOR IN FINANCIAL MANAGEMENT
2026-05025,BACHELOR OF SCIENCE IN BUSINESS ADMINISTRATION MAJOR IN FINANCIAL MANAGEMENT
2026-05173,BACHELOR OF SCIENCE IN BUSINESS ADMINISTRATION MAJOR IN FINANCIAL MANAGEMENT
2026-05200,BACHELOR OF SCIENCE IN BUSINESS ADMINISTRATION MAJOR IN FINANCIAL MANAGEMENT
2026-05364,BACHELOR OF SCIENCE IN BUSINESS ADMINISTRATION MAJOR IN FINANCIAL MANAGEMENT
2026-05393,BACHELOR OF SCIENCE IN BUSINESS ADMINISTRATION MAJOR IN FINANCIAL MANAGEMENT
2026-05560,BACHELOR OF SCIENCE IN BUSINESS ADMINISTRATION MAJOR IN FINANCIAL MANAGEMENT
2026-05579,BACHELOR OF SCIENCE IN BUSINESS ADMINISTRATION MAJOR IN FINANCIAL MANAGEMENT
2026-05580,BACHELOR OF SCIENCE IN BUSINESS ADMINISTRATION MAJOR IN FINANCIAL MANAGEMENT
2026-05640,BACHELOR OF SCIENCE IN BUSINESS ADMINISTRATION MAJOR IN FINANCIAL MANAGEMENT
2026-05656,BACHELOR OF SCIENCE IN BUSINESS ADMINISTRATION MAJOR IN FINANCIAL MANAGEMENT
2026-05657,BACHELOR OF SCIENCE IN BUSINESS ADMINISTRATION MAJOR IN FINANCIAL MANAGEMENT
2026-05658,BACHELOR OF SCIENCE IN BUSINESS ADMINISTRATION MAJOR IN FINANCIAL MANAGEMENT
2026-05666,BACHELOR OF SCIENCE IN BUSINESS ADMINISTRATION MAJOR IN FINANCIAL MANAGEMENT
2026-05751,BACHELOR OF SCIENCE IN BUSINESS ADMINISTRATION MAJOR IN FINANCIAL MANAGEMENT
2026-05786,BACHELOR OF SCIENCE IN BUSINESS ADMINISTRATION MAJOR IN FINANCIAL MANAGEMENT
2026-06003,BACHELOR OF SCIENCE IN BUSINESS ADMINISTRATION MAJOR IN FINANCIAL MANAGEMENT
2026-06011,BACHELOR OF SCIENCE IN BUSINESS ADMINISTRATION MAJOR IN FINANCIAL MANAGEMENT
2026-06171,BACHELOR OF SCIENCE IN BUSINESS ADMINISTRATION MAJOR IN FINANCIAL MANAGEMENT
2026-06425,BACHELOR OF SCIENCE IN BUSINESS ADMINISTRATION MAJOR IN FINANCIAL MANAGEMENT
2026-06946,BACHELOR OF SCIENCE IN BUSINESS ADMINISTRATION MAJOR IN FINANCIAL MANAGEMENT
2026-07038,BACHELOR OF SCIENCE IN BUSINESS ADMINISTRATION MAJOR IN FINANCIAL MANAGEMENT
2026-07530,BACHELOR OF SCIENCE IN BUSINESS ADMINISTRATION MAJOR IN FINANCIAL MANAGEMENT
2026-07668,BACHELOR OF SCIENCE IN BUSINESS ADMINISTRATION MAJOR IN FINANCIAL MANAGEMENT
2026-07791,BACHELOR OF SCIENCE IN BUSINESS ADMINISTRATION MAJOR IN FINANCIAL MANAGEMENT
2026-07837,BACHELOR OF SCIENCE IN BUSINESS ADMINISTRATION MAJOR IN FINANCIAL MANAGEMENT
2026-07851,BACHELOR OF SCIENCE IN BUSINESS ADMINISTRATION MAJOR IN FINANCIAL MANAGEMENT
2026-08265,BACHELOR OF SCIENCE IN BUSINESS ADMINISTRATION MAJOR IN FINANCIAL MANAGEMENT
2026-08318,BACHELOR OF SCIENCE IN BUSINESS ADMINISTRATION MAJOR IN FINANCIAL MANAGEMENT
2026-08324,BACHELOR OF SCIENCE IN BUSINESS ADMINISTRATION MAJOR IN FINANCIAL MANAGEMENT
2026-08816,BACHELOR OF SCIENCE IN BUSINESS ADMINISTRATION MAJOR IN FINANCIAL MANAGEMENT
2026-08821,BACHELOR OF SCIENCE IN BUSINESS ADMINISTRATION MAJOR IN FINANCIAL MANAGEMENT
2026-08954,BACHELOR OF SCIENCE IN BUSINESS ADMINISTRATION MAJOR IN FINANCIAL MANAGEMENT
2026-09828,BACHELOR OF SCIENCE IN BUSINESS ADMINISTRATION MAJOR IN FINANCIAL MANAGEMENT
2026-10012,BACHELOR OF SCIENCE IN BUSINESS ADMINISTRATION MAJOR IN FINANCIAL MANAGEMENT
2026-10307,BACHELOR OF SCIENCE IN BUSINESS ADMINISTRATION MAJOR IN FINANCIAL MANAGEMENT
2026-10347,BACHELOR OF SCIENCE IN BUSINESS ADMINISTRATION MAJOR IN FINANCIAL MANAGEMENT
2026-10497,BACHELOR OF SCIENCE IN BUSINESS ADMINISTRATION MAJOR IN FINANCIAL MANAGEMENT
2026-10747,BACHELOR OF SCIENCE IN BUSINESS ADMINISTRATION MAJOR IN FINANCIAL MANAGEMENT
2026-10862,BACHELOR OF SCIENCE IN BUSINESS ADMINISTRATION MAJOR IN FINANCIAL MANAGEMENT
2026-00763,BACHELOR OF SCIENCE IN BUSINESS ADMINISTRATION MAJOR IN HUMAN RESOURCE MANAGEMENT
2026-00988,BACHELOR OF SCIENCE IN BUSINESS ADMINISTRATION MAJOR IN HUMAN RESOURCE MANAGEMENT
2026-01332,BACHELOR OF SCIENCE IN BUSINESS ADMINISTRATION MAJOR IN HUMAN RESOURCE MANAGEMENT
2026-01507,BACHELOR OF SCIENCE IN BUSINESS ADMINISTRATION MAJOR IN HUMAN RESOURCE MANAGEMENT
2026-01773,BACHELOR OF SCIENCE IN BUSINESS ADMINISTRATION MAJOR IN HUMAN RESOURCE MANAGEMENT
2026-02158,BACHELOR OF SCIENCE IN BUSINESS ADMINISTRATION MAJOR IN HUMAN RESOURCE MANAGEMENT
2026-02522,BACHELOR OF SCIENCE IN BUSINESS ADMINISTRATION MAJOR IN HUMAN RESOURCE MANAGEMENT
2026-03049,BACHELOR OF SCIENCE IN BUSINESS ADMINISTRATION MAJOR IN HUMAN RESOURCE MANAGEMENT
2026-03240,BACHELOR OF SCIENCE IN BUSINESS ADMINISTRATION MAJOR IN HUMAN RESOURCE MANAGEMENT
2026-03544,BACHELOR OF SCIENCE IN BUSINESS ADMINISTRATION MAJOR IN HUMAN RESOURCE MANAGEMENT
2026-03713,BACHELOR OF SCIENCE IN BUSINESS ADMINISTRATION MAJOR IN HUMAN RESOURCE MANAGEMENT
2026-04475,BACHELOR OF SCIENCE IN BUSINESS ADMINISTRATION MAJOR IN HUMAN RESOURCE MANAGEMENT
2026-04484,BACHELOR OF SCIENCE IN BUSINESS ADMINISTRATION MAJOR IN HUMAN RESOURCE MANAGEMENT
2026-05871,BACHELOR OF SCIENCE IN BUSINESS ADMINISTRATION MAJOR IN HUMAN RESOURCE MANAGEMENT
2026-06296,BACHELOR OF SCIENCE IN BUSINESS ADMINISTRATION MAJOR IN HUMAN RESOURCE MANAGEMENT
2026-06622,BACHELOR OF SCIENCE IN BUSINESS ADMINISTRATION MAJOR IN HUMAN RESOURCE MANAGEMENT
2026-06918,BACHELOR OF SCIENCE IN BUSINESS ADMINISTRATION MAJOR IN HUMAN RESOURCE MANAGEMENT
2026-06941,BACHELOR OF SCIENCE IN BUSINESS ADMINISTRATION MAJOR IN HUMAN RESOURCE MANAGEMENT
2026-08582,BACHELOR OF SCIENCE IN BUSINESS ADMINISTRATION MAJOR IN HUMAN RESOURCE MANAGEMENT
2026-08818,BACHELOR OF SCIENCE IN BUSINESS ADMINISTRATION MAJOR IN HUMAN RESOURCE MANAGEMENT
2026-08857,BACHELOR OF SCIENCE IN BUSINESS ADMINISTRATION MAJOR IN HUMAN RESOURCE MANAGEMENT
2026-09085,BACHELOR OF SCIENCE IN BUSINESS ADMINISTRATION MAJOR IN HUMAN RESOURCE MANAGEMENT
2026-09242,BACHELOR OF SCIENCE IN BUSINESS ADMINISTRATION MAJOR IN HUMAN RESOURCE MANAGEMENT
2026-09344,BACHELOR OF SCIENCE IN BUSINESS ADMINISTRATION MAJOR IN HUMAN RESOURCE MANAGEMENT
2026-00163,BACHELOR OF SCIENCE IN BUSINESS ADMINISTRATION MAJOR IN MARKETING MANAGEMENT
2026-00804,BACHELOR OF SCIENCE IN BUSINESS ADMINISTRATION MAJOR IN MARKETING MANAGEMENT
2026-01064,BACHELOR OF SCIENCE IN BUSINESS ADMINISTRATION MAJOR IN MARKETING MANAGEMENT
2026-01094,BACHELOR OF SCIENCE IN BUSINESS ADMINISTRATION MAJOR IN MARKETING MANAGEMENT
2026-01205,BACHELOR OF SCIENCE IN BUSINESS ADMINISTRATION MAJOR IN MARKETING MANAGEMENT
2026-01327,BACHELOR OF SCIENCE IN BUSINESS ADMINISTRATION MAJOR IN MARKETING MANAGEMENT
2026-01373,BACHELOR OF SCIENCE IN BUSINESS ADMINISTRATION MAJOR IN MARKETING MANAGEMENT
2026-01514,BACHELOR OF SCIENCE IN BUSINESS ADMINISTRATION MAJOR IN MARKETING MANAGEMENT
2026-01882,BACHELOR OF SCIENCE IN BUSINESS ADMINISTRATION MAJOR IN MARKETING MANAGEMENT
2026-02079,BACHELOR OF SCIENCE IN BUSINESS ADMINISTRATION MAJOR IN MARKETING MANAGEMENT
2026-02083,BACHELOR OF SCIENCE IN BUSINESS ADMINISTRATION MAJOR IN MARKETING MANAGEMENT
2026-02135,BACHELOR OF SCIENCE IN BUSINESS ADMINISTRATION MAJOR IN MARKETING MANAGEMENT
2026-02172,BACHELOR OF SCIENCE IN BUSINESS ADMINISTRATION MAJOR IN MARKETING MANAGEMENT
2026-02210,BACHELOR OF SCIENCE IN BUSINESS ADMINISTRATION MAJOR IN MARKETING MANAGEMENT
2026-02304,BACHELOR OF SCIENCE IN BUSINESS ADMINISTRATION MAJOR IN MARKETING MANAGEMENT
2026-02319,BACHELOR OF SCIENCE IN BUSINESS ADMINISTRATION MAJOR IN MARKETING MANAGEMENT
2026-02342,BACHELOR OF SCIENCE IN BUSINESS ADMINISTRATION MAJOR IN MARKETING MANAGEMENT
2026-02474,BACHELOR OF SCIENCE IN BUSINESS ADMINISTRATION MAJOR IN MARKETING MANAGEMENT
2026-02898,BACHELOR OF SCIENCE IN BUSINESS ADMINISTRATION MAJOR IN MARKETING MANAGEMENT
2026-02935,BACHELOR OF SCIENCE IN BUSINESS ADMINISTRATION MAJOR IN MARKETING MANAGEMENT
2026-02937,BACHELOR OF SCIENCE IN BUSINESS ADMINISTRATION MAJOR IN MARKETING MANAGEMENT
2026-03122,BACHELOR OF SCIENCE IN BUSINESS ADMINISTRATION MAJOR IN MARKETING MANAGEMENT
2026-03154,BACHELOR OF SCIENCE IN BUSINESS ADMINISTRATION MAJOR IN MARKETING MANAGEMENT
2026-03192,BACHELOR OF SCIENCE IN BUSINESS ADMINISTRATION MAJOR IN MARKETING MANAGEMENT
2026-03282,BACHELOR OF SCIENCE IN BUSINESS ADMINISTRATION MAJOR IN MARKETING MANAGEMENT
2026-03589,BACHELOR OF SCIENCE IN BUSINESS ADMINISTRATION MAJOR IN MARKETING MANAGEMENT
2026-04143,BACHELOR OF SCIENCE IN BUSINESS ADMINISTRATION MAJOR IN MARKETING MANAGEMENT
2026-04299,BACHELOR OF SCIENCE IN BUSINESS ADMINISTRATION MAJOR IN MARKETING MANAGEMENT
2026-04457,BACHELOR OF SCIENCE IN BUSINESS ADMINISTRATION MAJOR IN MARKETING MANAGEMENT
2026-04645,BACHELOR OF SCIENCE IN BUSINESS ADMINISTRATION MAJOR IN MARKETING MANAGEMENT
2026-05103,BACHELOR OF SCIENCE IN BUSINESS ADMINISTRATION MAJOR IN MARKETING MANAGEMENT
2026-05144,BACHELOR OF SCIENCE IN BUSINESS ADMINISTRATION MAJOR IN MARKETING MANAGEMENT
2026-05192,BACHELOR OF SCIENCE IN BUSINESS ADMINISTRATION MAJOR IN MARKETING MANAGEMENT
2026-05245,BACHELOR OF SCIENCE IN BUSINESS ADMINISTRATION MAJOR IN MARKETING MANAGEMENT
2026-05760,BACHELOR OF SCIENCE IN BUSINESS ADMINISTRATION MAJOR IN MARKETING MANAGEMENT
2026-05886,BACHELOR OF SCIENCE IN BUSINESS ADMINISTRATION MAJOR IN MARKETING MANAGEMENT
2026-06234,BACHELOR OF SCIENCE IN BUSINESS ADMINISTRATION MAJOR IN MARKETING MANAGEMENT
2026-06258,BACHELOR OF SCIENCE IN BUSINESS ADMINISTRATION MAJOR IN MARKETING MANAGEMENT
2026-06749,BACHELOR OF SCIENCE IN BUSINESS ADMINISTRATION MAJOR IN MARKETING MANAGEMENT
2026-06790,BACHELOR OF SCIENCE IN BUSINESS ADMINISTRATION MAJOR IN MARKETING MANAGEMENT
2026-06817,BACHELOR OF SCIENCE IN BUSINESS ADMINISTRATION MAJOR IN MARKETING MANAGEMENT
2026-06831,BACHELOR OF SCIENCE IN BUSINESS ADMINISTRATION MAJOR IN MARKETING MANAGEMENT
2026-07236,BACHELOR OF SCIENCE IN BUSINESS ADMINISTRATION MAJOR IN MARKETING MANAGEMENT
2026-07539,BACHELOR OF SCIENCE IN BUSINESS ADMINISTRATION MAJOR IN MARKETING MANAGEMENT
2026-07711,BACHELOR OF SCIENCE IN BUSINESS ADMINISTRATION MAJOR IN MARKETING MANAGEMENT
2026-08517,BACHELOR OF SCIENCE IN BUSINESS ADMINISTRATION MAJOR IN MARKETING MANAGEMENT
2026-08906,BACHELOR OF SCIENCE IN BUSINESS ADMINISTRATION MAJOR IN MARKETING MANAGEMENT
2026-09093,BACHELOR OF SCIENCE IN BUSINESS ADMINISTRATION MAJOR IN MARKETING MANAGEMENT
2026-09443,BACHELOR OF SCIENCE IN BUSINESS ADMINISTRATION MAJOR IN MARKETING MANAGEMENT
2026-09874,BACHELOR OF SCIENCE IN BUSINESS ADMINISTRATION MAJOR IN MARKETING MANAGEMENT
2026-09973,BACHELOR OF SCIENCE IN BUSINESS ADMINISTRATION MAJOR IN MARKETING MANAGEMENT
2026-10183,BACHELOR OF SCIENCE IN BUSINESS ADMINISTRATION MAJOR IN MARKETING MANAGEMENT
2026-10335,BACHELOR OF SCIENCE IN BUSINESS ADMINISTRATION MAJOR IN MARKETING MANAGEMENT
2026-10885,BACHELOR OF SCIENCE IN BUSINESS ADMINISTRATION MAJOR IN MARKETING MANAGEMENT
2026-00020,BACHELOR OF SCIENCE IN HOSPITALITY MANAGEMENT
2026-00031,BACHELOR OF SCIENCE IN HOSPITALITY MANAGEMENT
2026-00047,BACHELOR OF SCIENCE IN HOSPITALITY MANAGEMENT
2026-00106,BACHELOR OF SCIENCE IN HOSPITALITY MANAGEMENT
2026-00248,BACHELOR OF SCIENCE IN HOSPITALITY MANAGEMENT
2026-00265,BACHELOR OF SCIENCE IN HOSPITALITY MANAGEMENT
2026-00322,BACHELOR OF SCIENCE IN HOSPITALITY MANAGEMENT
2026-00324,BACHELOR OF SCIENCE IN HOSPITALITY MANAGEMENT
2026-00444,BACHELOR OF SCIENCE IN HOSPITALITY MANAGEMENT
2026-00464,BACHELOR OF SCIENCE IN HOSPITALITY MANAGEMENT
2026-00509,BACHELOR OF SCIENCE IN HOSPITALITY MANAGEMENT
2026-00565,BACHELOR OF SCIENCE IN HOSPITALITY MANAGEMENT
2026-00572,BACHELOR OF SCIENCE IN HOSPITALITY MANAGEMENT
2026-00669,BACHELOR OF SCIENCE IN HOSPITALITY MANAGEMENT
2026-00697,BACHELOR OF SCIENCE IN HOSPITALITY MANAGEMENT
2026-00788,BACHELOR OF SCIENCE IN HOSPITALITY MANAGEMENT
2026-00917,BACHELOR OF SCIENCE IN HOSPITALITY MANAGEMENT
2026-00956,BACHELOR OF SCIENCE IN HOSPITALITY MANAGEMENT
2026-01075,BACHELOR OF SCIENCE IN HOSPITALITY MANAGEMENT
2026-01103,BACHELOR OF SCIENCE IN HOSPITALITY MANAGEMENT
2026-01114,BACHELOR OF SCIENCE IN HOSPITALITY MANAGEMENT
2026-01133,BACHELOR OF SCIENCE IN HOSPITALITY MANAGEMENT
2026-01241,BACHELOR OF SCIENCE IN HOSPITALITY MANAGEMENT
2026-01569,BACHELOR OF SCIENCE IN HOSPITALITY MANAGEMENT
2026-01609,BACHELOR OF SCIENCE IN HOSPITALITY MANAGEMENT
2026-01792,BACHELOR OF SCIENCE IN HOSPITALITY MANAGEMENT
2026-01807,BACHELOR OF SCIENCE IN HOSPITALITY MANAGEMENT
2026-01855,BACHELOR OF SCIENCE IN HOSPITALITY MANAGEMENT
2026-01891,BACHELOR OF SCIENCE IN HOSPITALITY MANAGEMENT
2026-02075,BACHELOR OF SCIENCE IN HOSPITALITY MANAGEMENT
2026-02122,BACHELOR OF SCIENCE IN HOSPITALITY MANAGEMENT
2026-02136,BACHELOR OF SCIENCE IN HOSPITALITY MANAGEMENT
2026-02644,BACHELOR OF SCIENCE IN HOSPITALITY MANAGEMENT
2026-02663,BACHELOR OF SCIENCE IN HOSPITALITY MANAGEMENT
2026-02716,BACHELOR OF SCIENCE IN HOSPITALITY MANAGEMENT
2026-03190,BACHELOR OF SCIENCE IN HOSPITALITY MANAGEMENT
2026-03249,BACHELOR OF SCIENCE IN HOSPITALITY MANAGEMENT
2026-03401,BACHELOR OF SCIENCE IN HOSPITALITY MANAGEMENT
2026-03445,BACHELOR OF SCIENCE IN HOSPITALITY MANAGEMENT
2026-03508,BACHELOR OF SCIENCE IN HOSPITALITY MANAGEMENT
2026-03684,BACHELOR OF SCIENCE IN HOSPITALITY MANAGEMENT
2026-03729,BACHELOR OF SCIENCE IN HOSPITALITY MANAGEMENT
2026-03972,BACHELOR OF SCIENCE IN HOSPITALITY MANAGEMENT
2026-04033,BACHELOR OF SCIENCE IN HOSPITALITY MANAGEMENT
2026-04068,BACHELOR OF SCIENCE IN HOSPITALITY MANAGEMENT
2026-04160,BACHELOR OF SCIENCE IN HOSPITALITY MANAGEMENT
2026-04266,BACHELOR OF SCIENCE IN HOSPITALITY MANAGEMENT
2026-04561,BACHELOR OF SCIENCE IN HOSPITALITY MANAGEMENT
2026-04634,BACHELOR OF SCIENCE IN HOSPITALITY MANAGEMENT
2026-04663,BACHELOR OF SCIENCE IN HOSPITALITY MANAGEMENT
2026-05077,BACHELOR OF SCIENCE IN HOSPITALITY MANAGEMENT
2026-05367,BACHELOR OF SCIENCE IN HOSPITALITY MANAGEMENT
2026-05390,BACHELOR OF SCIENCE IN HOSPITALITY MANAGEMENT
2026-05516,BACHELOR OF SCIENCE IN HOSPITALITY MANAGEMENT
2026-05914,BACHELOR OF SCIENCE IN HOSPITALITY MANAGEMENT
2026-06028,BACHELOR OF SCIENCE IN HOSPITALITY MANAGEMENT
2026-06115,BACHELOR OF SCIENCE IN HOSPITALITY MANAGEMENT
2026-06369,BACHELOR OF SCIENCE IN HOSPITALITY MANAGEMENT
2026-06452,BACHELOR OF SCIENCE IN HOSPITALITY MANAGEMENT
2026-06635,BACHELOR OF SCIENCE IN HOSPITALITY MANAGEMENT
2026-06689,BACHELOR OF SCIENCE IN HOSPITALITY MANAGEMENT
2026-06723,BACHELOR OF SCIENCE IN HOSPITALITY MANAGEMENT
2026-06919,BACHELOR OF SCIENCE IN HOSPITALITY MANAGEMENT
2026-07352,BACHELOR OF SCIENCE IN HOSPITALITY MANAGEMENT
2026-07409,BACHELOR OF SCIENCE IN HOSPITALITY MANAGEMENT
2026-07410,BACHELOR OF SCIENCE IN HOSPITALITY MANAGEMENT
2026-07459,BACHELOR OF SCIENCE IN HOSPITALITY MANAGEMENT
2026-07676,BACHELOR OF SCIENCE IN HOSPITALITY MANAGEMENT
2026-07726,BACHELOR OF SCIENCE IN HOSPITALITY MANAGEMENT
2026-07750,BACHELOR OF SCIENCE IN HOSPITALITY MANAGEMENT
2026-07756,BACHELOR OF SCIENCE IN HOSPITALITY MANAGEMENT
2026-07770,BACHELOR OF SCIENCE IN HOSPITALITY MANAGEMENT
2026-07975,BACHELOR OF SCIENCE IN HOSPITALITY MANAGEMENT
2026-07995,BACHELOR OF SCIENCE IN HOSPITALITY MANAGEMENT
2026-08212,BACHELOR OF SCIENCE IN HOSPITALITY MANAGEMENT
2026-08222,BACHELOR OF SCIENCE IN HOSPITALITY MANAGEMENT
2026-08296,BACHELOR OF SCIENCE IN HOSPITALITY MANAGEMENT
2026-08321,BACHELOR OF SCIENCE IN HOSPITALITY MANAGEMENT
2026-08415,BACHELOR OF SCIENCE IN HOSPITALITY MANAGEMENT
2026-08482,BACHELOR OF SCIENCE IN HOSPITALITY MANAGEMENT
2026-08616,BACHELOR OF SCIENCE IN HOSPITALITY MANAGEMENT
2026-08759,BACHELOR OF SCIENCE IN HOSPITALITY MANAGEMENT
2026-09452,BACHELOR OF SCIENCE IN HOSPITALITY MANAGEMENT
2026-09552,BACHELOR OF SCIENCE IN HOSPITALITY MANAGEMENT
2026-09659,BACHELOR OF SCIENCE IN HOSPITALITY MANAGEMENT
2026-09759,BACHELOR OF SCIENCE IN HOSPITALITY MANAGEMENT
2026-09999,BACHELOR OF SCIENCE IN HOSPITALITY MANAGEMENT
2026-10143,BACHELOR OF SCIENCE IN HOSPITALITY MANAGEMENT
2026-10352,BACHELOR OF SCIENCE IN HOSPITALITY MANAGEMENT
2026-10896,BACHELOR OF SCIENCE IN HOSPITALITY MANAGEMENT
2026-00110,BACHELOR OF PUBLIC ADMINISTRATION
2026-00754,BACHELOR OF PUBLIC ADMINISTRATION
2026-00901,BACHELOR OF PUBLIC ADMINISTRATION
2026-00915,BACHELOR OF PUBLIC ADMINISTRATION
2026-01023,BACHELOR OF PUBLIC ADMINISTRATION
2026-01167,BACHELOR OF PUBLIC ADMINISTRATION
2026-01491,BACHELOR OF PUBLIC ADMINISTRATION
2026-01545,BACHELOR OF PUBLIC ADMINISTRATION
2026-01726,BACHELOR OF PUBLIC ADMINISTRATION
2026-01794,BACHELOR OF PUBLIC ADMINISTRATION
2026-01909,BACHELOR OF PUBLIC ADMINISTRATION
2026-01946,BACHELOR OF PUBLIC ADMINISTRATION
2026-02595,BACHELOR OF PUBLIC ADMINISTRATION
2026-02662,BACHELOR OF PUBLIC ADMINISTRATION
2026-02923,BACHELOR OF PUBLIC ADMINISTRATION
2026-02992,BACHELOR OF PUBLIC ADMINISTRATION
2026-03121,BACHELOR OF PUBLIC ADMINISTRATION
2026-03157,BACHELOR OF PUBLIC ADMINISTRATION
2026-03164,BACHELOR OF PUBLIC ADMINISTRATION
2026-03276,BACHELOR OF PUBLIC ADMINISTRATION
2026-04078,BACHELOR OF PUBLIC ADMINISTRATION
2026-05127,BACHELOR OF PUBLIC ADMINISTRATION
2026-05558,BACHELOR OF PUBLIC ADMINISTRATION
2026-05920,BACHELOR OF PUBLIC ADMINISTRATION
2026-05940,BACHELOR OF PUBLIC ADMINISTRATION
2026-06336,BACHELOR OF PUBLIC ADMINISTRATION
2026-06539,BACHELOR OF PUBLIC ADMINISTRATION
2026-06542,BACHELOR OF PUBLIC ADMINISTRATION
2026-06678,BACHELOR OF PUBLIC ADMINISTRATION
2026-07716,BACHELOR OF PUBLIC ADMINISTRATION
2026-08052,BACHELOR OF PUBLIC ADMINISTRATION
2026-09133,BACHELOR OF PUBLIC ADMINISTRATION
2026-09977,BACHELOR OF PUBLIC ADMINISTRATION
2026-10453,BACHELOR OF PUBLIC ADMINISTRATION
2026-10543,BACHELOR OF PUBLIC ADMINISTRATION
2026-00151,BACHELOR OF SCIENCE IN AGRICULTURE
2026-00773,BACHELOR OF SCIENCE IN AGRICULTURE
2026-00908,BACHELOR OF SCIENCE IN AGRICULTURE
2026-01132,BACHELOR OF SCIENCE IN AGRICULTURE
2026-01622,BACHELOR OF SCIENCE IN AGRICULTURE
2026-01623,BACHELOR OF SCIENCE IN AGRICULTURE
2026-01625,BACHELOR OF SCIENCE IN AGRICULTURE
2026-01750,BACHELOR OF SCIENCE IN AGRICULTURE
2026-01837,BACHELOR OF SCIENCE IN AGRICULTURE
2026-02024,BACHELOR OF SCIENCE IN AGRICULTURE
2026-02145,BACHELOR OF SCIENCE IN AGRICULTURE
2026-02391,BACHELOR OF SCIENCE IN AGRICULTURE
2026-02582,BACHELOR OF SCIENCE IN AGRICULTURE
2026-02988,BACHELOR OF SCIENCE IN AGRICULTURE
2026-03173,BACHELOR OF SCIENCE IN AGRICULTURE
2026-03312,BACHELOR OF SCIENCE IN AGRICULTURE
2026-03621,BACHELOR OF SCIENCE IN AGRICULTURE
2026-03792,BACHELOR OF SCIENCE IN AGRICULTURE
2026-04202,BACHELOR OF SCIENCE IN AGRICULTURE
2026-04449,BACHELOR OF SCIENCE IN AGRICULTURE
2026-04564,BACHELOR OF SCIENCE IN AGRICULTURE
2026-04642,BACHELOR OF SCIENCE IN AGRICULTURE
2026-04651,BACHELOR OF SCIENCE IN AGRICULTURE
2026-04780,BACHELOR OF SCIENCE IN AGRICULTURE
2026-04950,BACHELOR OF SCIENCE IN AGRICULTURE
2026-05307,BACHELOR OF SCIENCE IN AGRICULTURE
2026-05742,BACHELOR OF SCIENCE IN AGRICULTURE
2026-05957,BACHELOR OF SCIENCE IN AGRICULTURE
2026-06154,BACHELOR OF SCIENCE IN AGRICULTURE
2026-06213,BACHELOR OF SCIENCE IN AGRICULTURE
2026-06227,BACHELOR OF SCIENCE IN AGRICULTURE
2026-06766,BACHELOR OF SCIENCE IN AGRICULTURE
2026-06936,BACHELOR OF SCIENCE IN AGRICULTURE
2026-06998,BACHELOR OF SCIENCE IN AGRICULTURE
2026-07081,BACHELOR OF SCIENCE IN AGRICULTURE
2026-07170,BACHELOR OF SCIENCE IN AGRICULTURE
2026-07449,BACHELOR OF SCIENCE IN AGRICULTURE
2026-07972,BACHELOR OF SCIENCE IN AGRICULTURE
2026-08147,BACHELOR OF SCIENCE IN AGRICULTURE
2026-08152,BACHELOR OF SCIENCE IN AGRICULTURE
2026-08313,BACHELOR OF SCIENCE IN AGRICULTURE
2026-08600,BACHELOR OF SCIENCE IN AGRICULTURE
2026-08786,BACHELOR OF SCIENCE IN AGRICULTURE
2026-08848,BACHELOR OF SCIENCE IN AGRICULTURE
2026-09254,BACHELOR OF SCIENCE IN AGRICULTURE
2026-09359,BACHELOR OF SCIENCE IN AGRICULTURE
2026-10471,BACHELOR OF SCIENCE IN AGRICULTURE
2026-10612,BACHELOR OF SCIENCE IN AGRICULTURE
2026-10615,BACHELOR OF SCIENCE IN AGRICULTURE
2026-10630,BACHELOR OF SCIENCE IN AGRICULTURE
2026-10881,BACHELOR OF SCIENCE IN AGRICULTURE
2026-10888,BACHELOR OF SCIENCE IN AGRICULTURE
2026-00485,BACHELOR OF SCIENCE IN ENVIRONMENTAL SCIENCE
2026-01786,BACHELOR OF SCIENCE IN ENVIRONMENTAL SCIENCE
2026-05197,BACHELOR OF SCIENCE IN ENVIRONMENTAL SCIENCE
2026-08459,BACHELOR OF SCIENCE IN ENVIRONMENTAL SCIENCE
2026-09472,BACHELOR OF SCIENCE IN ENVIRONMENTAL SCIENCE
2026-00811,BACHELOR OF SCIENCE IN FORESTRY
2026-00837,BACHELOR OF SCIENCE IN FORESTRY
2026-01300,BACHELOR OF SCIENCE IN FORESTRY
2026-01878,BACHELOR OF SCIENCE IN FORESTRY
2026-02009,BACHELOR OF SCIENCE IN FORESTRY
2026-02868,BACHELOR OF SCIENCE IN FORESTRY
2026-03349,BACHELOR OF SCIENCE IN FORESTRY
2026-03375,BACHELOR OF SCIENCE IN FORESTRY
2026-03844,BACHELOR OF SCIENCE IN FORESTRY
2026-04280,BACHELOR OF SCIENCE IN FORESTRY
2026-04348,BACHELOR OF SCIENCE IN FORESTRY
2026-04627,BACHELOR OF SCIENCE IN FORESTRY
2026-04708,BACHELOR OF SCIENCE IN FORESTRY
2026-05702,BACHELOR OF SCIENCE IN FORESTRY
2026-06416,BACHELOR OF SCIENCE IN FORESTRY
2026-06829,BACHELOR OF SCIENCE IN FORESTRY
2026-06934,BACHELOR OF SCIENCE IN FORESTRY
2026-07406,BACHELOR OF SCIENCE IN FORESTRY
2026-07415,BACHELOR OF SCIENCE IN FORESTRY
2026-08432,BACHELOR OF SCIENCE IN FORESTRY
2026-08608,BACHELOR OF SCIENCE IN FORESTRY
2026-08875,BACHELOR OF SCIENCE IN FORESTRY
2026-09211,BACHELOR OF SCIENCE IN FORESTRY
2026-10337,BACHELOR OF SCIENCE IN FORESTRY
2026-10732,BACHELOR OF SCIENCE IN FORESTRY
2026-00462,BACHELOR OF SCIENCE IN MIDWIFERY
2026-01484,BACHELOR OF SCIENCE IN MIDWIFERY
2026-05237,BACHELOR OF SCIENCE IN MIDWIFERY
2026-06671,BACHELOR OF SCIENCE IN MIDWIFERY
2026-07411,BACHELOR OF SCIENCE IN MIDWIFERY
2026-07854,BACHELOR OF SCIENCE IN MIDWIFERY
2026-00736,BACHELOR OF SCIENCE IN NURSING
2026-00784,BACHELOR OF SCIENCE IN NURSING
2026-00796,BACHELOR OF SCIENCE IN NURSING
2026-00809,BACHELOR OF SCIENCE IN NURSING
2026-00816,BACHELOR OF SCIENCE IN NURSING
2026-00850,BACHELOR OF SCIENCE IN NURSING
2026-00921,BACHELOR OF SCIENCE IN NURSING
2026-01032,BACHELOR OF SCIENCE IN NURSING
2026-01152,BACHELOR OF SCIENCE IN NURSING
2026-01217,BACHELOR OF SCIENCE IN NURSING
2026-01250,BACHELOR OF SCIENCE IN NURSING
2026-01310,BACHELOR OF SCIENCE IN NURSING
2026-01342,BACHELOR OF SCIENCE IN NURSING
2026-01567,BACHELOR OF SCIENCE IN NURSING
2026-01585,BACHELOR OF SCIENCE IN NURSING
2026-01782,BACHELOR OF SCIENCE IN NURSING
2026-01846,BACHELOR OF SCIENCE IN NURSING
2026-02047,BACHELOR OF SCIENCE IN NURSING
2026-02235,BACHELOR OF SCIENCE IN NURSING
2026-02300,BACHELOR OF SCIENCE IN NURSING
2026-02380,BACHELOR OF SCIENCE IN NURSING
2026-02612,BACHELOR OF SCIENCE IN NURSING
2026-02639,BACHELOR OF SCIENCE IN NURSING
2026-03159,BACHELOR OF SCIENCE IN NURSING
2026-03172,BACHELOR OF SCIENCE IN NURSING
2026-03322,BACHELOR OF SCIENCE IN NURSING
2026-03340,BACHELOR OF SCIENCE IN NURSING
2026-03777,BACHELOR OF SCIENCE IN NURSING
2026-03870,BACHELOR OF SCIENCE IN NURSING
2026-03896,BACHELOR OF SCIENCE IN NURSING
2026-03985,BACHELOR OF SCIENCE IN NURSING
2026-04001,BACHELOR OF SCIENCE IN NURSING
2026-04230,BACHELOR OF SCIENCE IN NURSING
2026-04267,BACHELOR OF SCIENCE IN NURSING
2026-04281,BACHELOR OF SCIENCE IN NURSING
2026-04560,BACHELOR OF SCIENCE IN NURSING
2026-04637,BACHELOR OF SCIENCE IN NURSING
2026-04698,BACHELOR OF SCIENCE IN NURSING
2026-04965,BACHELOR OF SCIENCE IN NURSING
2026-05060,BACHELOR OF SCIENCE IN NURSING
2026-05145,BACHELOR OF SCIENCE IN NURSING
2026-05185,BACHELOR OF SCIENCE IN NURSING
2026-05524,BACHELOR OF SCIENCE IN NURSING
2026-05552,BACHELOR OF SCIENCE IN NURSING
2026-05568,BACHELOR OF SCIENCE IN NURSING
2026-05775,BACHELOR OF SCIENCE IN NURSING
2026-05825,BACHELOR OF SCIENCE IN NURSING
2026-05984,BACHELOR OF SCIENCE IN NURSING
2026-06320,BACHELOR OF SCIENCE IN NURSING
2026-06630,BACHELOR OF SCIENCE IN NURSING
2026-06754,BACHELOR OF SCIENCE IN NURSING
2026-06799,BACHELOR OF SCIENCE IN NURSING
2026-06951,BACHELOR OF SCIENCE IN NURSING
2026-07292,BACHELOR OF SCIENCE IN NURSING
2026-07717,BACHELOR OF SCIENCE IN NURSING
2026-07730,BACHELOR OF SCIENCE IN NURSING
2026-07732,BACHELOR OF SCIENCE IN NURSING
2026-08317,BACHELOR OF SCIENCE IN NURSING
2026-08630,BACHELOR OF SCIENCE IN NURSING
2026-08668,BACHELOR OF SCIENCE IN NURSING
2026-08855,BACHELOR OF SCIENCE IN NURSING
2026-08926,BACHELOR OF SCIENCE IN NURSING
2026-09066,BACHELOR OF SCIENCE IN NURSING
2026-09582,BACHELOR OF SCIENCE IN NURSING
2026-10140,BACHELOR OF SCIENCE IN NURSING
2026-10221,BACHELOR OF SCIENCE IN NURSING
2026-10279,BACHELOR OF SCIENCE IN NURSING
2026-10444,BACHELOR OF SCIENCE IN NURSING
2026-10507,BACHELOR OF SCIENCE IN NURSING
2026-10517,BACHELOR OF SCIENCE IN NURSING
2026-00251,BACHELOR OF SCIENCE IN RADIOLOGIC TECHNOLOGY
2026-00292,BACHELOR OF SCIENCE IN RADIOLOGIC TECHNOLOGY
2026-00306,BACHELOR OF SCIENCE IN RADIOLOGIC TECHNOLOGY
2026-00481,BACHELOR OF SCIENCE IN RADIOLOGIC TECHNOLOGY
2026-00728,BACHELOR OF SCIENCE IN RADIOLOGIC TECHNOLOGY
2026-00879,BACHELOR OF SCIENCE IN RADIOLOGIC TECHNOLOGY
2026-01397,BACHELOR OF SCIENCE IN RADIOLOGIC TECHNOLOGY
2026-01575,BACHELOR OF SCIENCE IN RADIOLOGIC TECHNOLOGY
2026-01670,BACHELOR OF SCIENCE IN RADIOLOGIC TECHNOLOGY
2026-01927,BACHELOR OF SCIENCE IN RADIOLOGIC TECHNOLOGY
2026-02475,BACHELOR OF SCIENCE IN RADIOLOGIC TECHNOLOGY
2026-03023,BACHELOR OF SCIENCE IN RADIOLOGIC TECHNOLOGY
2026-03193,BACHELOR OF SCIENCE IN RADIOLOGIC TECHNOLOGY
2026-03230,BACHELOR OF SCIENCE IN RADIOLOGIC TECHNOLOGY
2026-04122,BACHELOR OF SCIENCE IN RADIOLOGIC TECHNOLOGY
2026-04327,BACHELOR OF SCIENCE IN RADIOLOGIC TECHNOLOGY
2026-04789,BACHELOR OF SCIENCE IN RADIOLOGIC TECHNOLOGY
2026-04957,BACHELOR OF SCIENCE IN RADIOLOGIC TECHNOLOGY
2026-05396,BACHELOR OF SCIENCE IN RADIOLOGIC TECHNOLOGY
2026-05453,BACHELOR OF SCIENCE IN RADIOLOGIC TECHNOLOGY
2026-05694,BACHELOR OF SCIENCE IN RADIOLOGIC TECHNOLOGY
2026-05774,BACHELOR OF SCIENCE IN RADIOLOGIC TECHNOLOGY
2026-06383,BACHELOR OF SCIENCE IN RADIOLOGIC TECHNOLOGY
2026-06510,BACHELOR OF SCIENCE IN RADIOLOGIC TECHNOLOGY
2026-06617,BACHELOR OF SCIENCE IN RADIOLOGIC TECHNOLOGY
2026-06783,BACHELOR OF SCIENCE IN RADIOLOGIC TECHNOLOGY
2026-08043,BACHELOR OF SCIENCE IN RADIOLOGIC TECHNOLOGY
2026-08170,BACHELOR OF SCIENCE IN RADIOLOGIC TECHNOLOGY
2026-08451,BACHELOR OF SCIENCE IN RADIOLOGIC TECHNOLOGY
2026-08615,BACHELOR OF SCIENCE IN RADIOLOGIC TECHNOLOGY
2026-08860,BACHELOR OF SCIENCE IN RADIOLOGIC TECHNOLOGY
2026-08924,BACHELOR OF SCIENCE IN RADIOLOGIC TECHNOLOGY
2026-08949,BACHELOR OF SCIENCE IN RADIOLOGIC TECHNOLOGY
2026-08970,BACHELOR OF SCIENCE IN RADIOLOGIC TECHNOLOGY
2026-09129,BACHELOR OF SCIENCE IN RADIOLOGIC TECHNOLOGY
2026-09387,BACHELOR OF SCIENCE IN RADIOLOGIC TECHNOLOGY
2026-10060,BACHELOR OF SCIENCE IN RADIOLOGIC TECHNOLOGY
2026-10067,BACHELOR OF SCIENCE IN RADIOLOGIC TECHNOLOGY
2026-10519,BACHELOR OF SCIENCE IN RADIOLOGIC TECHNOLOGY
2026-10530,BACHELOR OF SCIENCE IN RADIOLOGIC TECHNOLOGY
2026-00252,BACHELOR OF ARTS IN COMMUNICATION
2026-00311,BACHELOR OF ARTS IN COMMUNICATION
2026-00318,BACHELOR OF ARTS IN COMMUNICATION
2026-00426,BACHELOR OF ARTS IN COMMUNICATION
2026-00538,BACHELOR OF ARTS IN COMMUNICATION
2026-00707,BACHELOR OF ARTS IN COMMUNICATION
2026-01013,BACHELOR OF ARTS IN COMMUNICATION
2026-01724,BACHELOR OF ARTS IN COMMUNICATION
2026-01763,BACHELOR OF ARTS IN COMMUNICATION
2026-01814,BACHELOR OF ARTS IN COMMUNICATION
2026-02149,BACHELOR OF ARTS IN COMMUNICATION
2026-02168,BACHELOR OF ARTS IN COMMUNICATION
2026-02513,BACHELOR OF ARTS IN COMMUNICATION
2026-02649,BACHELOR OF ARTS IN COMMUNICATION
2026-02891,BACHELOR OF ARTS IN COMMUNICATION
2026-02939,BACHELOR OF ARTS IN COMMUNICATION
2026-03479,BACHELOR OF ARTS IN COMMUNICATION
2026-03546,BACHELOR OF ARTS IN COMMUNICATION
2026-03635,BACHELOR OF ARTS IN COMMUNICATION
2026-03691,BACHELOR OF ARTS IN COMMUNICATION
2026-03750,BACHELOR OF ARTS IN COMMUNICATION
2026-03894,BACHELOR OF ARTS IN COMMUNICATION
2026-04094,BACHELOR OF ARTS IN COMMUNICATION
2026-04222,BACHELOR OF ARTS IN COMMUNICATION
2026-04541,BACHELOR OF ARTS IN COMMUNICATION
2026-04682,BACHELOR OF ARTS IN COMMUNICATION
2026-04749,BACHELOR OF ARTS IN COMMUNICATION
2026-04759,BACHELOR OF ARTS IN COMMUNICATION
2026-04922,BACHELOR OF ARTS IN COMMUNICATION
2026-05022,BACHELOR OF ARTS IN COMMUNICATION
2026-05042,BACHELOR OF ARTS IN COMMUNICATION
2026-05485,BACHELOR OF ARTS IN COMMUNICATION
2026-05750,BACHELOR OF ARTS IN COMMUNICATION
2026-05903,BACHELOR OF ARTS IN COMMUNICATION
2026-06060,BACHELOR OF ARTS IN COMMUNICATION
2026-06102,BACHELOR OF ARTS IN COMMUNICATION
2026-06199,BACHELOR OF ARTS IN COMMUNICATION
2026-06698,BACHELOR OF ARTS IN COMMUNICATION
2026-06720,BACHELOR OF ARTS IN COMMUNICATION
2026-06768,BACHELOR OF ARTS IN COMMUNICATION
2026-06787,BACHELOR OF ARTS IN COMMUNICATION
2026-06828,BACHELOR OF ARTS IN COMMUNICATION
2026-07366,BACHELOR OF ARTS IN COMMUNICATION
2026-07373,BACHELOR OF ARTS IN COMMUNICATION
2026-07861,BACHELOR OF ARTS IN COMMUNICATION
2026-08071,BACHELOR OF ARTS IN COMMUNICATION
2026-08123,BACHELOR OF ARTS IN COMMUNICATION
2026-08217,BACHELOR OF ARTS IN COMMUNICATION
2026-08578,BACHELOR OF ARTS IN COMMUNICATION
2026-08604,BACHELOR OF ARTS IN COMMUNICATION
2026-08708,BACHELOR OF ARTS IN COMMUNICATION
2026-08837,BACHELOR OF ARTS IN COMMUNICATION
2026-08931,BACHELOR OF ARTS IN COMMUNICATION
2026-09004,BACHELOR OF ARTS IN COMMUNICATION
2026-09088,BACHELOR OF ARTS IN COMMUNICATION
2026-09292,BACHELOR OF ARTS IN COMMUNICATION
2026-09321,BACHELOR OF ARTS IN COMMUNICATION
2026-09435,BACHELOR OF ARTS IN COMMUNICATION
2026-09488,BACHELOR OF ARTS IN COMMUNICATION
2026-09556,BACHELOR OF ARTS IN COMMUNICATION
2026-09557,BACHELOR OF ARTS IN COMMUNICATION
2026-09594,BACHELOR OF ARTS IN COMMUNICATION
2026-09616,BACHELOR OF ARTS IN COMMUNICATION
2026-09635,BACHELOR OF ARTS IN COMMUNICATION
2026-10476,BACHELOR OF ARTS IN COMMUNICATION
2026-10799,BACHELOR OF ARTS IN COMMUNICATION
2026-00068,BACHELOR OF ARTS IN HISTORY
2026-02626,BACHELOR OF ARTS IN HISTORY
2026-03988,BACHELOR OF ARTS IN HISTORY
2026-04505,BACHELOR OF ARTS IN HISTORY
2026-06188,BACHELOR OF ARTS IN HISTORY
2026-07225,BACHELOR OF ARTS IN HISTORY
2026-07384,BACHELOR OF ARTS IN HISTORY
2026-07538,BACHELOR OF ARTS IN HISTORY
2026-07820,BACHELOR OF ARTS IN HISTORY
2026-09610,BACHELOR OF ARTS IN HISTORY
2026-09677,BACHELOR OF ARTS IN HISTORY
2026-10768,BACHELOR OF ARTS IN HISTORY
2026-10882,BACHELOR OF ARTS IN HISTORY
2026-00023,BACHELOR OF ARTS IN PSYCHOLOGY
2026-00093,BACHELOR OF ARTS IN PSYCHOLOGY
2026-00329,BACHELOR OF ARTS IN PSYCHOLOGY
2026-00353,BACHELOR OF ARTS IN PSYCHOLOGY
2026-00517,BACHELOR OF ARTS IN PSYCHOLOGY
2026-00526,BACHELOR OF ARTS IN PSYCHOLOGY
2026-00759,BACHELOR OF ARTS IN PSYCHOLOGY
2026-00825,BACHELOR OF ARTS IN PSYCHOLOGY
2026-01331,BACHELOR OF ARTS IN PSYCHOLOGY
2026-01435,BACHELOR OF ARTS IN PSYCHOLOGY
2026-01467,BACHELOR OF ARTS IN PSYCHOLOGY
2026-01522,BACHELOR OF ARTS IN PSYCHOLOGY
2026-01613,BACHELOR OF ARTS IN PSYCHOLOGY
2026-01616,BACHELOR OF ARTS IN PSYCHOLOGY
2026-01735,BACHELOR OF ARTS IN PSYCHOLOGY
2026-01862,BACHELOR OF ARTS IN PSYCHOLOGY
2026-01893,BACHELOR OF ARTS IN PSYCHOLOGY
2026-01960,BACHELOR OF ARTS IN PSYCHOLOGY
2026-01997,BACHELOR OF ARTS IN PSYCHOLOGY
2026-02002,BACHELOR OF ARTS IN PSYCHOLOGY
2026-02383,BACHELOR OF ARTS IN PSYCHOLOGY
2026-02506,BACHELOR OF ARTS IN PSYCHOLOGY
2026-02942,BACHELOR OF ARTS IN PSYCHOLOGY
2026-02954,BACHELOR OF ARTS IN PSYCHOLOGY
2026-02966,BACHELOR OF ARTS IN PSYCHOLOGY
2026-03146,BACHELOR OF ARTS IN PSYCHOLOGY
2026-03356,BACHELOR OF ARTS IN PSYCHOLOGY
2026-03474,BACHELOR OF ARTS IN PSYCHOLOGY
2026-03501,BACHELOR OF ARTS IN PSYCHOLOGY
2026-03529,BACHELOR OF ARTS IN PSYCHOLOGY
2026-03533,BACHELOR OF ARTS IN PSYCHOLOGY
2026-03581,BACHELOR OF ARTS IN PSYCHOLOGY
2026-03642,BACHELOR OF ARTS IN PSYCHOLOGY
2026-03939,BACHELOR OF ARTS IN PSYCHOLOGY
2026-04074,BACHELOR OF ARTS IN PSYCHOLOGY
2026-04080,BACHELOR OF ARTS IN PSYCHOLOGY
2026-04186,BACHELOR OF ARTS IN PSYCHOLOGY
2026-04417,BACHELOR OF ARTS IN PSYCHOLOGY
2026-04488,BACHELOR OF ARTS IN PSYCHOLOGY
2026-04704,BACHELOR OF ARTS IN PSYCHOLOGY
2026-04731,BACHELOR OF ARTS IN PSYCHOLOGY
2026-04732,BACHELOR OF ARTS IN PSYCHOLOGY
2026-04914,BACHELOR OF ARTS IN PSYCHOLOGY
2026-05035,BACHELOR OF ARTS IN PSYCHOLOGY
2026-05210,BACHELOR OF ARTS IN PSYCHOLOGY
2026-05466,BACHELOR OF ARTS IN PSYCHOLOGY
2026-05565,BACHELOR OF ARTS IN PSYCHOLOGY
2026-05707,BACHELOR OF ARTS IN PSYCHOLOGY
2026-05909,BACHELOR OF ARTS IN PSYCHOLOGY
2026-06198,BACHELOR OF ARTS IN PSYCHOLOGY
2026-06297,BACHELOR OF ARTS IN PSYCHOLOGY
2026-06461,BACHELOR OF ARTS IN PSYCHOLOGY
2026-06485,BACHELOR OF ARTS IN PSYCHOLOGY
2026-06512,BACHELOR OF ARTS IN PSYCHOLOGY
2026-06607,BACHELOR OF ARTS IN PSYCHOLOGY
2026-06629,BACHELOR OF ARTS IN PSYCHOLOGY
2026-07210,BACHELOR OF ARTS IN PSYCHOLOGY
2026-07243,BACHELOR OF ARTS IN PSYCHOLOGY
2026-07247,BACHELOR OF ARTS IN PSYCHOLOGY
2026-07311,BACHELOR OF ARTS IN PSYCHOLOGY
2026-07343,BACHELOR OF ARTS IN PSYCHOLOGY
2026-07688,BACHELOR OF ARTS IN PSYCHOLOGY
2026-07700,BACHELOR OF ARTS IN PSYCHOLOGY
2026-07706,BACHELOR OF ARTS IN PSYCHOLOGY
2026-07808,BACHELOR OF ARTS IN PSYCHOLOGY
2026-07879,BACHELOR OF ARTS IN PSYCHOLOGY
2026-08211,BACHELOR OF ARTS IN PSYCHOLOGY
2026-08398,BACHELOR OF ARTS IN PSYCHOLOGY
2026-08429,BACHELOR OF ARTS IN PSYCHOLOGY
2026-08693,BACHELOR OF ARTS IN PSYCHOLOGY
2026-08771,BACHELOR OF ARTS IN PSYCHOLOGY
2026-08783,BACHELOR OF ARTS IN PSYCHOLOGY
2026-09026,BACHELOR OF ARTS IN PSYCHOLOGY
2026-09030,BACHELOR OF ARTS IN PSYCHOLOGY
2026-09325,BACHELOR OF ARTS IN PSYCHOLOGY
2026-09513,BACHELOR OF ARTS IN PSYCHOLOGY
2026-09549,BACHELOR OF ARTS IN PSYCHOLOGY
2026-09570,BACHELOR OF ARTS IN PSYCHOLOGY
2026-09821,BACHELOR OF ARTS IN PSYCHOLOGY
2026-09836,BACHELOR OF ARTS IN PSYCHOLOGY
2026-09877,BACHELOR OF ARTS IN PSYCHOLOGY
2026-10287,BACHELOR OF ARTS IN PSYCHOLOGY
2026-10510,BACHELOR OF ARTS IN PSYCHOLOGY
2026-10518,BACHELOR OF ARTS IN PSYCHOLOGY
2026-10610,BACHELOR OF ARTS IN PSYCHOLOGY
2026-10621,BACHELOR OF ARTS IN PSYCHOLOGY
2026-10679,BACHELOR OF ARTS IN PSYCHOLOGY
2026-10755,BACHELOR OF ARTS IN PSYCHOLOGY
2026-10844,BACHELOR OF ARTS IN PSYCHOLOGY
2026-10910,BACHELOR OF ARTS IN PSYCHOLOGY
2026-00002,BACHELOR OF SCIENCE IN MATHEMATICS
2026-00424,BACHELOR OF SCIENCE IN MATHEMATICS
2026-01112,BACHELOR OF SCIENCE IN MATHEMATICS
2026-02302,BACHELOR OF SCIENCE IN MATHEMATICS
2026-02518,BACHELOR OF SCIENCE IN MATHEMATICS
2026-02808,BACHELOR OF SCIENCE IN MATHEMATICS
2026-03680,BACHELOR OF SCIENCE IN MATHEMATICS
2026-04938,BACHELOR OF SCIENCE IN MATHEMATICS
2026-06341,BACHELOR OF SCIENCE IN MATHEMATICS
2026-07396,BACHELOR OF SCIENCE IN MATHEMATICS
2026-07752,BACHELOR OF SCIENCE IN MATHEMATICS
2026-07793,BACHELOR OF SCIENCE IN MATHEMATICS
2026-08077,BACHELOR OF SCIENCE IN MATHEMATICS
2026-08526,BACHELOR OF SCIENCE IN MATHEMATICS
2026-09190,BACHELOR OF SCIENCE IN MATHEMATICS
2026-10345,BACHELOR OF SCIENCE IN MATHEMATICS
2026-00299,BACHELOR OF SCIENCE IN BIOLOGY
2026-00520,BACHELOR OF SCIENCE IN BIOLOGY
2026-00650,BACHELOR OF SCIENCE IN BIOLOGY
2026-01372,BACHELOR OF SCIENCE IN BIOLOGY
2026-01638,BACHELOR OF SCIENCE IN BIOLOGY
2026-01877,BACHELOR OF SCIENCE IN BIOLOGY
2026-01919,BACHELOR OF SCIENCE IN BIOLOGY
2026-02548,BACHELOR OF SCIENCE IN BIOLOGY
2026-02723,BACHELOR OF SCIENCE IN BIOLOGY
2026-03057,BACHELOR OF SCIENCE IN BIOLOGY
2026-03221,BACHELOR OF SCIENCE IN BIOLOGY
2026-03359,BACHELOR OF SCIENCE IN BIOLOGY
2026-03377,BACHELOR OF SCIENCE IN BIOLOGY
2026-03396,BACHELOR OF SCIENCE IN BIOLOGY
2026-03570,BACHELOR OF SCIENCE IN BIOLOGY
2026-03678,BACHELOR OF SCIENCE IN BIOLOGY
2026-03762,BACHELOR OF SCIENCE IN BIOLOGY
2026-03980,BACHELOR OF SCIENCE IN BIOLOGY
2026-04004,BACHELOR OF SCIENCE IN BIOLOGY
2026-04109,BACHELOR OF SCIENCE IN BIOLOGY
2026-04148,BACHELOR OF SCIENCE IN BIOLOGY
2026-04383,BACHELOR OF SCIENCE IN BIOLOGY
2026-04551,BACHELOR OF SCIENCE IN BIOLOGY
2026-04631,BACHELOR OF SCIENCE IN BIOLOGY
2026-04675,BACHELOR OF SCIENCE IN BIOLOGY
2026-04710,BACHELOR OF SCIENCE IN BIOLOGY
2026-04714,BACHELOR OF SCIENCE IN BIOLOGY
2026-04805,BACHELOR OF SCIENCE IN BIOLOGY
2026-04812,BACHELOR OF SCIENCE IN BIOLOGY
2026-04908,BACHELOR OF SCIENCE IN BIOLOGY
2026-05005,BACHELOR OF SCIENCE IN BIOLOGY
2026-05023,BACHELOR OF SCIENCE IN BIOLOGY
2026-05027,BACHELOR OF SCIENCE IN BIOLOGY
2026-05076,BACHELOR OF SCIENCE IN BIOLOGY
2026-05363,BACHELOR OF SCIENCE IN BIOLOGY
2026-05375,BACHELOR OF SCIENCE IN BIOLOGY
2026-05434,BACHELOR OF SCIENCE IN BIOLOGY
2026-05521,BACHELOR OF SCIENCE IN BIOLOGY
2026-05639,BACHELOR OF SCIENCE IN BIOLOGY
2026-05668,BACHELOR OF SCIENCE IN BIOLOGY
2026-05784,BACHELOR OF SCIENCE IN BIOLOGY
2026-05905,BACHELOR OF SCIENCE IN BIOLOGY
2026-05951,BACHELOR OF SCIENCE IN BIOLOGY
2026-06024,BACHELOR OF SCIENCE IN BIOLOGY
2026-06302,BACHELOR OF SCIENCE IN BIOLOGY
2026-06368,BACHELOR OF SCIENCE IN BIOLOGY
2026-06375,BACHELOR OF SCIENCE IN BIOLOGY
2026-06430,BACHELOR OF SCIENCE IN BIOLOGY
2026-06548,BACHELOR OF SCIENCE IN BIOLOGY
2026-06623,BACHELOR OF SCIENCE IN BIOLOGY
2026-06669,BACHELOR OF SCIENCE IN BIOLOGY
2026-07000,BACHELOR OF SCIENCE IN BIOLOGY
2026-07064,BACHELOR OF SCIENCE IN BIOLOGY
2026-07077,BACHELOR OF SCIENCE IN BIOLOGY
2026-07085,BACHELOR OF SCIENCE IN BIOLOGY
2026-07187,BACHELOR OF SCIENCE IN BIOLOGY
2026-07290,BACHELOR OF SCIENCE IN BIOLOGY
2026-07325,BACHELOR OF SCIENCE IN BIOLOGY
2026-07507,BACHELOR OF SCIENCE IN BIOLOGY
2026-07709,BACHELOR OF SCIENCE IN BIOLOGY
2026-07816,BACHELOR OF SCIENCE IN BIOLOGY
2026-07986,BACHELOR OF SCIENCE IN BIOLOGY
2026-08016,BACHELOR OF SCIENCE IN BIOLOGY
2026-08066,BACHELOR OF SCIENCE IN BIOLOGY
2026-08128,BACHELOR OF SCIENCE IN BIOLOGY
2026-08368,BACHELOR OF SCIENCE IN BIOLOGY
2026-08469,BACHELOR OF SCIENCE IN BIOLOGY
2026-08531,BACHELOR OF SCIENCE IN BIOLOGY
2026-08551,BACHELOR OF SCIENCE IN BIOLOGY
2026-08746,BACHELOR OF SCIENCE IN BIOLOGY
2026-08797,BACHELOR OF SCIENCE IN BIOLOGY
2026-08918,BACHELOR OF SCIENCE IN BIOLOGY
2026-08979,BACHELOR OF SCIENCE IN BIOLOGY
2026-09232,BACHELOR OF SCIENCE IN BIOLOGY
2026-09284,BACHELOR OF SCIENCE IN BIOLOGY
2026-09305,BACHELOR OF SCIENCE IN BIOLOGY
2026-09428,BACHELOR OF SCIENCE IN BIOLOGY
2026-09494,BACHELOR OF SCIENCE IN BIOLOGY
2026-09545,BACHELOR OF SCIENCE IN BIOLOGY
2026-09636,BACHELOR OF SCIENCE IN BIOLOGY
2026-09640,BACHELOR OF SCIENCE IN BIOLOGY
2026-09676,BACHELOR OF SCIENCE IN BIOLOGY
2026-09809,BACHELOR OF SCIENCE IN BIOLOGY
2026-10324,BACHELOR OF SCIENCE IN BIOLOGY
2026-10365,BACHELOR OF SCIENCE IN BIOLOGY
2026-10520,BACHELOR OF SCIENCE IN BIOLOGY
2026-10598,BACHELOR OF SCIENCE IN BIOLOGY
2026-10659,BACHELOR OF SCIENCE IN BIOLOGY
2026-10876,BACHELOR OF SCIENCE IN BIOLOGY
2026-11026,BACHELOR OF SCIENCE IN BIOLOGY
2026-00284,BACHELOR OF SCIENCE IN CIVIL ENGINEERING
2026-00413,BACHELOR OF SCIENCE IN CIVIL ENGINEERING
2026-00637,BACHELOR OF SCIENCE IN CIVIL ENGINEERING
2026-00733,BACHELOR OF SCIENCE IN CIVIL ENGINEERING
2026-00752,BACHELOR OF SCIENCE IN CIVIL ENGINEERING
2026-00790,BACHELOR OF SCIENCE IN CIVIL ENGINEERING
2026-00930,BACHELOR OF SCIENCE IN CIVIL ENGINEERING
2026-00950,BACHELOR OF SCIENCE IN CIVIL ENGINEERING
2026-01036,BACHELOR OF SCIENCE IN CIVIL ENGINEERING
2026-01707,BACHELOR OF SCIENCE IN CIVIL ENGINEERING
2026-01756,BACHELOR OF SCIENCE IN CIVIL ENGINEERING
2026-01788,BACHELOR OF SCIENCE IN CIVIL ENGINEERING
2026-01912,BACHELOR OF SCIENCE IN CIVIL ENGINEERING
2026-01955,BACHELOR OF SCIENCE IN CIVIL ENGINEERING
2026-02181,BACHELOR OF SCIENCE IN CIVIL ENGINEERING
2026-02251,BACHELOR OF SCIENCE IN CIVIL ENGINEERING
2026-02454,BACHELOR OF SCIENCE IN CIVIL ENGINEERING
2026-02465,BACHELOR OF SCIENCE IN CIVIL ENGINEERING
2026-02667,BACHELOR OF SCIENCE IN CIVIL ENGINEERING
2026-02766,BACHELOR OF SCIENCE IN CIVIL ENGINEERING
2026-03027,BACHELOR OF SCIENCE IN CIVIL ENGINEERING
2026-03361,BACHELOR OF SCIENCE IN CIVIL ENGINEERING
2026-03457,BACHELOR OF SCIENCE IN CIVIL ENGINEERING
2026-03507,BACHELOR OF SCIENCE IN CIVIL ENGINEERING
2026-03556,BACHELOR OF SCIENCE IN CIVIL ENGINEERING
2026-03787,BACHELOR OF SCIENCE IN CIVIL ENGINEERING
2026-03845,BACHELOR OF SCIENCE IN CIVIL ENGINEERING
2026-03880,BACHELOR OF SCIENCE IN CIVIL ENGINEERING
2026-03974,BACHELOR OF SCIENCE IN CIVIL ENGINEERING
2026-03975,BACHELOR OF SCIENCE IN CIVIL ENGINEERING
2026-04003,BACHELOR OF SCIENCE IN CIVIL ENGINEERING
2026-04050,BACHELOR OF SCIENCE IN CIVIL ENGINEERING
2026-04087,BACHELOR OF SCIENCE IN CIVIL ENGINEERING
2026-04192,BACHELOR OF SCIENCE IN CIVIL ENGINEERING
2026-04334,BACHELOR OF SCIENCE IN CIVIL ENGINEERING
2026-04337,BACHELOR OF SCIENCE IN CIVIL ENGINEERING
2026-04439,BACHELOR OF SCIENCE IN CIVIL ENGINEERING
2026-04574,BACHELOR OF SCIENCE IN CIVIL ENGINEERING
2026-04615,BACHELOR OF SCIENCE IN CIVIL ENGINEERING
2026-04768,BACHELOR OF SCIENCE IN CIVIL ENGINEERING
2026-04810,BACHELOR OF SCIENCE IN CIVIL ENGINEERING
2026-04841,BACHELOR OF SCIENCE IN CIVIL ENGINEERING
2026-05047,BACHELOR OF SCIENCE IN CIVIL ENGINEERING
2026-05085,BACHELOR OF SCIENCE IN CIVIL ENGINEERING
2026-05250,BACHELOR OF SCIENCE IN CIVIL ENGINEERING
2026-05264,BACHELOR OF SCIENCE IN CIVIL ENGINEERING
2026-05282,BACHELOR OF SCIENCE IN CIVIL ENGINEERING
2026-05289,BACHELOR OF SCIENCE IN CIVIL ENGINEERING
2026-05322,BACHELOR OF SCIENCE IN CIVIL ENGINEERING
2026-05398,BACHELOR OF SCIENCE IN CIVIL ENGINEERING
2026-05501,BACHELOR OF SCIENCE IN CIVIL ENGINEERING
2026-05526,BACHELOR OF SCIENCE IN CIVIL ENGINEERING
2026-05572,BACHELOR OF SCIENCE IN CIVIL ENGINEERING
2026-05675,BACHELOR OF SCIENCE IN CIVIL ENGINEERING
2026-05697,BACHELOR OF SCIENCE IN CIVIL ENGINEERING
2026-05737,BACHELOR OF SCIENCE IN CIVIL ENGINEERING
2026-05815,BACHELOR OF SCIENCE IN CIVIL ENGINEERING
2026-06012,BACHELOR OF SCIENCE IN CIVIL ENGINEERING
2026-06109,BACHELOR OF SCIENCE IN CIVIL ENGINEERING
2026-06152,BACHELOR OF SCIENCE IN CIVIL ENGINEERING
2026-06315,BACHELOR OF SCIENCE IN CIVIL ENGINEERING
2026-06433,BACHELOR OF SCIENCE IN CIVIL ENGINEERING
2026-06475,BACHELOR OF SCIENCE IN CIVIL ENGINEERING
2026-06662,BACHELOR OF SCIENCE IN CIVIL ENGINEERING
2026-06861,BACHELOR OF SCIENCE IN CIVIL ENGINEERING
2026-07107,BACHELOR OF SCIENCE IN CIVIL ENGINEERING
2026-07235,BACHELOR OF SCIENCE IN CIVIL ENGINEERING
2026-07556,BACHELOR OF SCIENCE IN CIVIL ENGINEERING
2026-07877,BACHELOR OF SCIENCE IN CIVIL ENGINEERING
2026-08080,BACHELOR OF SCIENCE IN CIVIL ENGINEERING
2026-08143,BACHELOR OF SCIENCE IN CIVIL ENGINEERING
2026-08580,BACHELOR OF SCIENCE IN CIVIL ENGINEERING
2026-08730,BACHELOR OF SCIENCE IN CIVIL ENGINEERING
2026-08790,BACHELOR OF SCIENCE IN CIVIL ENGINEERING
2026-08800,BACHELOR OF SCIENCE IN CIVIL ENGINEERING
2026-08984,BACHELOR OF SCIENCE IN CIVIL ENGINEERING
2026-08993,BACHELOR OF SCIENCE IN CIVIL ENGINEERING
2026-09117,BACHELOR OF SCIENCE IN CIVIL ENGINEERING
2026-09179,BACHELOR OF SCIENCE IN CIVIL ENGINEERING
2026-09310,BACHELOR OF SCIENCE IN CIVIL ENGINEERING
2026-09374,BACHELOR OF SCIENCE IN CIVIL ENGINEERING
2026-09385,BACHELOR OF SCIENCE IN CIVIL ENGINEERING
2026-09816,BACHELOR OF SCIENCE IN CIVIL ENGINEERING
2026-10002,BACHELOR OF SCIENCE IN CIVIL ENGINEERING
2026-10100,BACHELOR OF SCIENCE IN CIVIL ENGINEERING
2026-10149,BACHELOR OF SCIENCE IN CIVIL ENGINEERING
2026-10640,BACHELOR OF SCIENCE IN CIVIL ENGINEERING
2026-10660,BACHELOR OF SCIENCE IN CIVIL ENGINEERING
2026-10890,BACHELOR OF SCIENCE IN CIVIL ENGINEERING
2026-10916,BACHELOR OF SCIENCE IN CIVIL ENGINEERING
2026-00032,BACHELOR OF SCIENCE IN COMPUTER ENGINEERING
2026-00115,BACHELOR OF SCIENCE IN COMPUTER ENGINEERING
2026-00276,BACHELOR OF SCIENCE IN COMPUTER ENGINEERING
2026-00486,BACHELOR OF SCIENCE IN COMPUTER ENGINEERING
2026-00555,BACHELOR OF SCIENCE IN COMPUTER ENGINEERING
2026-00616,BACHELOR OF SCIENCE IN COMPUTER ENGINEERING
2026-00630,BACHELOR OF SCIENCE IN COMPUTER ENGINEERING
2026-00761,BACHELOR OF SCIENCE IN COMPUTER ENGINEERING
2026-00865,BACHELOR OF SCIENCE IN COMPUTER ENGINEERING
2026-00927,BACHELOR OF SCIENCE IN COMPUTER ENGINEERING
2026-00928,BACHELOR OF SCIENCE IN COMPUTER ENGINEERING
2026-00932,BACHELOR OF SCIENCE IN COMPUTER ENGINEERING
2026-00942,BACHELOR OF SCIENCE IN COMPUTER ENGINEERING
2026-00987,BACHELOR OF SCIENCE IN COMPUTER ENGINEERING
2026-01047,BACHELOR OF SCIENCE IN COMPUTER ENGINEERING
2026-01194,BACHELOR OF SCIENCE IN COMPUTER ENGINEERING
2026-01336,BACHELOR OF SCIENCE IN COMPUTER ENGINEERING
2026-01345,BACHELOR OF SCIENCE IN COMPUTER ENGINEERING
2026-01469,BACHELOR OF SCIENCE IN COMPUTER ENGINEERING
2026-01820,BACHELOR OF SCIENCE IN COMPUTER ENGINEERING
2026-01906,BACHELOR OF SCIENCE IN COMPUTER ENGINEERING
2026-01933,BACHELOR OF SCIENCE IN COMPUTER ENGINEERING
2026-01996,BACHELOR OF SCIENCE IN COMPUTER ENGINEERING
2026-02141,BACHELOR OF SCIENCE IN COMPUTER ENGINEERING
2026-02367,BACHELOR OF SCIENCE IN COMPUTER ENGINEERING
2026-02409,BACHELOR OF SCIENCE IN COMPUTER ENGINEERING
2026-02630,BACHELOR OF SCIENCE IN COMPUTER ENGINEERING
2026-02671,BACHELOR OF SCIENCE IN COMPUTER ENGINEERING
2026-02879,BACHELOR OF SCIENCE IN COMPUTER ENGINEERING
2026-03051,BACHELOR OF SCIENCE IN COMPUTER ENGINEERING
2026-03093,BACHELOR OF SCIENCE IN COMPUTER ENGINEERING
2026-03156,BACHELOR OF SCIENCE IN COMPUTER ENGINEERING
2026-03416,BACHELOR OF SCIENCE IN COMPUTER ENGINEERING
2026-03428,BACHELOR OF SCIENCE IN COMPUTER ENGINEERING
2026-03517,BACHELOR OF SCIENCE IN COMPUTER ENGINEERING
2026-03555,BACHELOR OF SCIENCE IN COMPUTER ENGINEERING
2026-03596,BACHELOR OF SCIENCE IN COMPUTER ENGINEERING
2026-03679,BACHELOR OF SCIENCE IN COMPUTER ENGINEERING
2026-03738,BACHELOR OF SCIENCE IN COMPUTER ENGINEERING
2026-04060,BACHELOR OF SCIENCE IN COMPUTER ENGINEERING
2026-04171,BACHELOR OF SCIENCE IN COMPUTER ENGINEERING
2026-04191,BACHELOR OF SCIENCE IN COMPUTER ENGINEERING
2026-04216,BACHELOR OF SCIENCE IN COMPUTER ENGINEERING
2026-04237,BACHELOR OF SCIENCE IN COMPUTER ENGINEERING
2026-04324,BACHELOR OF SCIENCE IN COMPUTER ENGINEERING
2026-04935,BACHELOR OF SCIENCE IN COMPUTER ENGINEERING
2026-05272,BACHELOR OF SCIENCE IN COMPUTER ENGINEERING
2026-05499,BACHELOR OF SCIENCE IN COMPUTER ENGINEERING
2026-05930,BACHELOR OF SCIENCE IN COMPUTER ENGINEERING
2026-05986,BACHELOR OF SCIENCE IN COMPUTER ENGINEERING
2026-06173,BACHELOR OF SCIENCE IN COMPUTER ENGINEERING
2026-06478,BACHELOR OF SCIENCE IN COMPUTER ENGINEERING
2026-06534,BACHELOR OF SCIENCE IN COMPUTER ENGINEERING
2026-06794,BACHELOR OF SCIENCE IN COMPUTER ENGINEERING
2026-06898,BACHELOR OF SCIENCE IN COMPUTER ENGINEERING
2026-06987,BACHELOR OF SCIENCE IN COMPUTER ENGINEERING
2026-07033,BACHELOR OF SCIENCE IN COMPUTER ENGINEERING
2026-07167,BACHELOR OF SCIENCE IN COMPUTER ENGINEERING
2026-07185,BACHELOR OF SCIENCE IN COMPUTER ENGINEERING
2026-07407,BACHELOR OF SCIENCE IN COMPUTER ENGINEERING
2026-07453,BACHELOR OF SCIENCE IN COMPUTER ENGINEERING
2026-07516,BACHELOR OF SCIENCE IN COMPUTER ENGINEERING
2026-07660,BACHELOR OF SCIENCE IN COMPUTER ENGINEERING
2026-07667,BACHELOR OF SCIENCE IN COMPUTER ENGINEERING
2026-08015,BACHELOR OF SCIENCE IN COMPUTER ENGINEERING
2026-08039,BACHELOR OF SCIENCE IN COMPUTER ENGINEERING
2026-08169,BACHELOR OF SCIENCE IN COMPUTER ENGINEERING
2026-08177,BACHELOR OF SCIENCE IN COMPUTER ENGINEERING
2026-08263,BACHELOR OF SCIENCE IN COMPUTER ENGINEERING
2026-08274,BACHELOR OF SCIENCE IN COMPUTER ENGINEERING
2026-08291,BACHELOR OF SCIENCE IN COMPUTER ENGINEERING
2026-08351,BACHELOR OF SCIENCE IN COMPUTER ENGINEERING
2026-08352,BACHELOR OF SCIENCE IN COMPUTER ENGINEERING
2026-08489,BACHELOR OF SCIENCE IN COMPUTER ENGINEERING
2026-08495,BACHELOR OF SCIENCE IN COMPUTER ENGINEERING
2026-08732,BACHELOR OF SCIENCE IN COMPUTER ENGINEERING
2026-08779,BACHELOR OF SCIENCE IN COMPUTER ENGINEERING
2026-08990,BACHELOR OF SCIENCE IN COMPUTER ENGINEERING
2026-09074,BACHELOR OF SCIENCE IN COMPUTER ENGINEERING
2026-09152,BACHELOR OF SCIENCE IN COMPUTER ENGINEERING
2026-09502,BACHELOR OF SCIENCE IN COMPUTER ENGINEERING
2026-09797,BACHELOR OF SCIENCE IN COMPUTER ENGINEERING
2026-09798,BACHELOR OF SCIENCE IN COMPUTER ENGINEERING
2026-09883,BACHELOR OF SCIENCE IN COMPUTER ENGINEERING
2026-09987,BACHELOR OF SCIENCE IN COMPUTER ENGINEERING
2026-09992,BACHELOR OF SCIENCE IN COMPUTER ENGINEERING
2026-10025,BACHELOR OF SCIENCE IN COMPUTER ENGINEERING
2026-10125,BACHELOR OF SCIENCE IN COMPUTER ENGINEERING
2026-10534,BACHELOR OF SCIENCE IN COMPUTER ENGINEERING
2026-10924,BACHELOR OF SCIENCE IN COMPUTER ENGINEERING
2026-00014,BACHELOR OF SCIENCE IN ELECTRICAL ENGINEERING
2026-00042,BACHELOR OF SCIENCE IN ELECTRICAL ENGINEERING
2026-00160,BACHELOR OF SCIENCE IN ELECTRICAL ENGINEERING
2026-00206,BACHELOR OF SCIENCE IN ELECTRICAL ENGINEERING
2026-00224,BACHELOR OF SCIENCE IN ELECTRICAL ENGINEERING
2026-00343,BACHELOR OF SCIENCE IN ELECTRICAL ENGINEERING
2026-00411,BACHELOR OF SCIENCE IN ELECTRICAL ENGINEERING
2026-00443,BACHELOR OF SCIENCE IN ELECTRICAL ENGINEERING
2026-00468,BACHELOR OF SCIENCE IN ELECTRICAL ENGINEERING
2026-00566,BACHELOR OF SCIENCE IN ELECTRICAL ENGINEERING
2026-00672,BACHELOR OF SCIENCE IN ELECTRICAL ENGINEERING
2026-00727,BACHELOR OF SCIENCE IN ELECTRICAL ENGINEERING
2026-00739,BACHELOR OF SCIENCE IN ELECTRICAL ENGINEERING
2026-00868,BACHELOR OF SCIENCE IN ELECTRICAL ENGINEERING
2026-01038,BACHELOR OF SCIENCE IN ELECTRICAL ENGINEERING
2026-01056,BACHELOR OF SCIENCE IN ELECTRICAL ENGINEERING
2026-01060,BACHELOR OF SCIENCE IN ELECTRICAL ENGINEERING
2026-01061,BACHELOR OF SCIENCE IN ELECTRICAL ENGINEERING
2026-01299,BACHELOR OF SCIENCE IN ELECTRICAL ENGINEERING
2026-01371,BACHELOR OF SCIENCE IN ELECTRICAL ENGINEERING
2026-01477,BACHELOR OF SCIENCE IN ELECTRICAL ENGINEERING
2026-01915,BACHELOR OF SCIENCE IN ELECTRICAL ENGINEERING
2026-01939,BACHELOR OF SCIENCE IN ELECTRICAL ENGINEERING
2026-01942,BACHELOR OF SCIENCE IN ELECTRICAL ENGINEERING
2026-01995,BACHELOR OF SCIENCE IN ELECTRICAL ENGINEERING
2026-02165,BACHELOR OF SCIENCE IN ELECTRICAL ENGINEERING
2026-02254,BACHELOR OF SCIENCE IN ELECTRICAL ENGINEERING
2026-02423,BACHELOR OF SCIENCE IN ELECTRICAL ENGINEERING
2026-02511,BACHELOR OF SCIENCE IN ELECTRICAL ENGINEERING
2026-02545,BACHELOR OF SCIENCE IN ELECTRICAL ENGINEERING
2026-02773,BACHELOR OF SCIENCE IN ELECTRICAL ENGINEERING
2026-02777,BACHELOR OF SCIENCE IN ELECTRICAL ENGINEERING
2026-02973,BACHELOR OF SCIENCE IN ELECTRICAL ENGINEERING
2026-03181,BACHELOR OF SCIENCE IN ELECTRICAL ENGINEERING
2026-03186,BACHELOR OF SCIENCE IN ELECTRICAL ENGINEERING
2026-03213,BACHELOR OF SCIENCE IN ELECTRICAL ENGINEERING
2026-03273,BACHELOR OF SCIENCE IN ELECTRICAL ENGINEERING
2026-03576,BACHELOR OF SCIENCE IN ELECTRICAL ENGINEERING
2026-03817,BACHELOR OF SCIENCE IN ELECTRICAL ENGINEERING
2026-03827,BACHELOR OF SCIENCE IN ELECTRICAL ENGINEERING
2026-03841,BACHELOR OF SCIENCE IN ELECTRICAL ENGINEERING
2026-03843,BACHELOR OF SCIENCE IN ELECTRICAL ENGINEERING
2026-03849,BACHELOR OF SCIENCE IN ELECTRICAL ENGINEERING
2026-03872,BACHELOR OF SCIENCE IN ELECTRICAL ENGINEERING
2026-03873,BACHELOR OF SCIENCE IN ELECTRICAL ENGINEERING
2026-03963,BACHELOR OF SCIENCE IN ELECTRICAL ENGINEERING
2026-04083,BACHELOR OF SCIENCE IN ELECTRICAL ENGINEERING
2026-04427,BACHELOR OF SCIENCE IN ELECTRICAL ENGINEERING
2026-04532,BACHELOR OF SCIENCE IN ELECTRICAL ENGINEERING
2026-04608,BACHELOR OF SCIENCE IN ELECTRICAL ENGINEERING
2026-04610,BACHELOR OF SCIENCE IN ELECTRICAL ENGINEERING
2026-04611,BACHELOR OF SCIENCE IN ELECTRICAL ENGINEERING
2026-04616,BACHELOR OF SCIENCE IN ELECTRICAL ENGINEERING
2026-04825,BACHELOR OF SCIENCE IN ELECTRICAL ENGINEERING
2026-04828,BACHELOR OF SCIENCE IN ELECTRICAL ENGINEERING
2026-04883,BACHELOR OF SCIENCE IN ELECTRICAL ENGINEERING
2026-04901,BACHELOR OF SCIENCE IN ELECTRICAL ENGINEERING
2026-04954,BACHELOR OF SCIENCE IN ELECTRICAL ENGINEERING
2026-05044,BACHELOR OF SCIENCE IN ELECTRICAL ENGINEERING
2026-05532,BACHELOR OF SCIENCE IN ELECTRICAL ENGINEERING
2026-05581,BACHELOR OF SCIENCE IN ELECTRICAL ENGINEERING
2026-05655,BACHELOR OF SCIENCE IN ELECTRICAL ENGINEERING
2026-06333,BACHELOR OF SCIENCE IN ELECTRICAL ENGINEERING
2026-06387,BACHELOR OF SCIENCE IN ELECTRICAL ENGINEERING
2026-06625,BACHELOR OF SCIENCE IN ELECTRICAL ENGINEERING
2026-06789,BACHELOR OF SCIENCE IN ELECTRICAL ENGINEERING
2026-06842,BACHELOR OF SCIENCE IN ELECTRICAL ENGINEERING
2026-06884,BACHELOR OF SCIENCE IN ELECTRICAL ENGINEERING
2026-07022,BACHELOR OF SCIENCE IN ELECTRICAL ENGINEERING
2026-07873,BACHELOR OF SCIENCE IN ELECTRICAL ENGINEERING
2026-07908,BACHELOR OF SCIENCE IN ELECTRICAL ENGINEERING
2026-08215,BACHELOR OF SCIENCE IN ELECTRICAL ENGINEERING
2026-08250,BACHELOR OF SCIENCE IN ELECTRICAL ENGINEERING
2026-08420,BACHELOR OF SCIENCE IN ELECTRICAL ENGINEERING
2026-08742,BACHELOR OF SCIENCE IN ELECTRICAL ENGINEERING
2026-08750,BACHELOR OF SCIENCE IN ELECTRICAL ENGINEERING
2026-08795,BACHELOR OF SCIENCE IN ELECTRICAL ENGINEERING
2026-08953,BACHELOR OF SCIENCE IN ELECTRICAL ENGINEERING
2026-09126,BACHELOR OF SCIENCE IN ELECTRICAL ENGINEERING
2026-09168,BACHELOR OF SCIENCE IN ELECTRICAL ENGINEERING
2026-09352,BACHELOR OF SCIENCE IN ELECTRICAL ENGINEERING
2026-09389,BACHELOR OF SCIENCE IN ELECTRICAL ENGINEERING
2026-09503,BACHELOR OF SCIENCE IN ELECTRICAL ENGINEERING
2026-09529,BACHELOR OF SCIENCE IN ELECTRICAL ENGINEERING
2026-09575,BACHELOR OF SCIENCE IN ELECTRICAL ENGINEERING
2026-09608,BACHELOR OF SCIENCE IN ELECTRICAL ENGINEERING
2026-10303,BACHELOR OF SCIENCE IN ELECTRICAL ENGINEERING
2026-10333,BACHELOR OF SCIENCE IN ELECTRICAL ENGINEERING
2026-10417,BACHELOR OF SCIENCE IN ELECTRICAL ENGINEERING
2026-10480,BACHELOR OF SCIENCE IN ELECTRICAL ENGINEERING
2026-01018,BACHELOR OF SCIENCE IN ELECTRONICS ENGINEERING
2026-01100,BACHELOR OF SCIENCE IN ELECTRONICS ENGINEERING
2026-01554,BACHELOR OF SCIENCE IN ELECTRONICS ENGINEERING
2026-01969,BACHELOR OF SCIENCE IN ELECTRONICS ENGINEERING
2026-03374,BACHELOR OF SCIENCE IN ELECTRONICS ENGINEERING
2026-03910,BACHELOR OF SCIENCE IN ELECTRONICS ENGINEERING
2026-03984,BACHELOR OF SCIENCE IN ELECTRONICS ENGINEERING
2026-05465,BACHELOR OF SCIENCE IN ELECTRONICS ENGINEERING
2026-05502,BACHELOR OF SCIENCE IN ELECTRONICS ENGINEERING
2026-06496,BACHELOR OF SCIENCE IN ELECTRONICS ENGINEERING
2026-06759,BACHELOR OF SCIENCE IN ELECTRONICS ENGINEERING
2026-07079,BACHELOR OF SCIENCE IN ELECTRONICS ENGINEERING
2026-07259,BACHELOR OF SCIENCE IN ELECTRONICS ENGINEERING
2026-07426,BACHELOR OF SCIENCE IN ELECTRONICS ENGINEERING
2026-08287,BACHELOR OF SCIENCE IN ELECTRONICS ENGINEERING
2026-09194,BACHELOR OF SCIENCE IN ELECTRONICS ENGINEERING
2026-09501,BACHELOR OF SCIENCE IN ELECTRONICS ENGINEERING
2026-09978,BACHELOR OF SCIENCE IN ELECTRONICS ENGINEERING
2026-00052,BACHELOR OF SCIENCE IN INDUSTRIAL ENGINEERING
2026-00086,BACHELOR OF SCIENCE IN INDUSTRIAL ENGINEERING
2026-00524,BACHELOR OF SCIENCE IN INDUSTRIAL ENGINEERING
2026-00601,BACHELOR OF SCIENCE IN INDUSTRIAL ENGINEERING
2026-00833,BACHELOR OF SCIENCE IN INDUSTRIAL ENGINEERING
2026-01005,BACHELOR OF SCIENCE IN INDUSTRIAL ENGINEERING
2026-01176,BACHELOR OF SCIENCE IN INDUSTRIAL ENGINEERING
2026-01528,BACHELOR OF SCIENCE IN INDUSTRIAL ENGINEERING
2026-01540,BACHELOR OF SCIENCE IN INDUSTRIAL ENGINEERING
2026-01662,BACHELOR OF SCIENCE IN INDUSTRIAL ENGINEERING
2026-01731,BACHELOR OF SCIENCE IN INDUSTRIAL ENGINEERING
2026-02027,BACHELOR OF SCIENCE IN INDUSTRIAL ENGINEERING
2026-02103,BACHELOR OF SCIENCE IN INDUSTRIAL ENGINEERING
2026-02196,BACHELOR OF SCIENCE IN INDUSTRIAL ENGINEERING
2026-02290,BACHELOR OF SCIENCE IN INDUSTRIAL ENGINEERING
2026-02769,BACHELOR OF SCIENCE IN INDUSTRIAL ENGINEERING
2026-02847,BACHELOR OF SCIENCE IN INDUSTRIAL ENGINEERING
2026-02904,BACHELOR OF SCIENCE IN INDUSTRIAL ENGINEERING
2026-02961,BACHELOR OF SCIENCE IN INDUSTRIAL ENGINEERING
2026-03086,BACHELOR OF SCIENCE IN INDUSTRIAL ENGINEERING
2026-03411,BACHELOR OF SCIENCE IN INDUSTRIAL ENGINEERING
2026-03993,BACHELOR OF SCIENCE IN INDUSTRIAL ENGINEERING
2026-04070,BACHELOR OF SCIENCE IN INDUSTRIAL ENGINEERING
2026-04407,BACHELOR OF SCIENCE IN INDUSTRIAL ENGINEERING
2026-04569,BACHELOR OF SCIENCE IN INDUSTRIAL ENGINEERING
2026-04674,BACHELOR OF SCIENCE IN INDUSTRIAL ENGINEERING
2026-04684,BACHELOR OF SCIENCE IN INDUSTRIAL ENGINEERING
2026-04685,BACHELOR OF SCIENCE IN INDUSTRIAL ENGINEERING
2026-04751,BACHELOR OF SCIENCE IN INDUSTRIAL ENGINEERING
2026-04819,BACHELOR OF SCIENCE IN INDUSTRIAL ENGINEERING
2026-04847,BACHELOR OF SCIENCE IN INDUSTRIAL ENGINEERING
2026-05202,BACHELOR OF SCIENCE IN INDUSTRIAL ENGINEERING
2026-05429,BACHELOR OF SCIENCE IN INDUSTRIAL ENGINEERING
2026-05714,BACHELOR OF SCIENCE IN INDUSTRIAL ENGINEERING
2026-05924,BACHELOR OF SCIENCE IN INDUSTRIAL ENGINEERING
2026-05941,BACHELOR OF SCIENCE IN INDUSTRIAL ENGINEERING
2026-05992,BACHELOR OF SCIENCE IN INDUSTRIAL ENGINEERING
2026-06066,BACHELOR OF SCIENCE IN INDUSTRIAL ENGINEERING
2026-06090,BACHELOR OF SCIENCE IN INDUSTRIAL ENGINEERING
2026-06332,BACHELOR OF SCIENCE IN INDUSTRIAL ENGINEERING
2026-06581,BACHELOR OF SCIENCE IN INDUSTRIAL ENGINEERING
2026-06862,BACHELOR OF SCIENCE IN INDUSTRIAL ENGINEERING
2026-07126,BACHELOR OF SCIENCE IN INDUSTRIAL ENGINEERING
2026-07244,BACHELOR OF SCIENCE IN INDUSTRIAL ENGINEERING
2026-07390,BACHELOR OF SCIENCE IN INDUSTRIAL ENGINEERING
2026-07910,BACHELOR OF SCIENCE IN INDUSTRIAL ENGINEERING
2026-08020,BACHELOR OF SCIENCE IN INDUSTRIAL ENGINEERING
2026-08328,BACHELOR OF SCIENCE IN INDUSTRIAL ENGINEERING
2026-08409,BACHELOR OF SCIENCE IN INDUSTRIAL ENGINEERING
2026-08960,BACHELOR OF SCIENCE IN INDUSTRIAL ENGINEERING
2026-08961,BACHELOR OF SCIENCE IN INDUSTRIAL ENGINEERING
2026-09180,BACHELOR OF SCIENCE IN INDUSTRIAL ENGINEERING
2026-09222,BACHELOR OF SCIENCE IN INDUSTRIAL ENGINEERING
2026-09445,BACHELOR OF SCIENCE IN INDUSTRIAL ENGINEERING
2026-10063,BACHELOR OF SCIENCE IN INDUSTRIAL ENGINEERING
2026-10434,BACHELOR OF SCIENCE IN INDUSTRIAL ENGINEERING
2026-00033,BACHELOR OF SCIENCE IN MECHANICAL ENGINEERING
2026-00078,BACHELOR OF SCIENCE IN MECHANICAL ENGINEERING
2026-00170,BACHELOR OF SCIENCE IN MECHANICAL ENGINEERING
2026-00253,BACHELOR OF SCIENCE IN MECHANICAL ENGINEERING
2026-00425,BACHELOR OF SCIENCE IN MECHANICAL ENGINEERING
2026-00442,BACHELOR OF SCIENCE IN MECHANICAL ENGINEERING
2026-00475,BACHELOR OF SCIENCE IN MECHANICAL ENGINEERING
2026-00487,BACHELOR OF SCIENCE IN MECHANICAL ENGINEERING
2026-00564,BACHELOR OF SCIENCE IN MECHANICAL ENGINEERING
2026-00685,BACHELOR OF SCIENCE IN MECHANICAL ENGINEERING
2026-00771,BACHELOR OF SCIENCE IN MECHANICAL ENGINEERING
2026-00839,BACHELOR OF SCIENCE IN MECHANICAL ENGINEERING
2026-00884,BACHELOR OF SCIENCE IN MECHANICAL ENGINEERING
2026-00922,BACHELOR OF SCIENCE IN MECHANICAL ENGINEERING
2026-01008,BACHELOR OF SCIENCE IN MECHANICAL ENGINEERING
2026-01040,BACHELOR OF SCIENCE IN MECHANICAL ENGINEERING
2026-01121,BACHELOR OF SCIENCE IN MECHANICAL ENGINEERING
2026-01147,BACHELOR OF SCIENCE IN MECHANICAL ENGINEERING
2026-01160,BACHELOR OF SCIENCE IN MECHANICAL ENGINEERING
2026-01188,BACHELOR OF SCIENCE IN MECHANICAL ENGINEERING
2026-01506,BACHELOR OF SCIENCE IN MECHANICAL ENGINEERING
2026-01538,BACHELOR OF SCIENCE IN MECHANICAL ENGINEERING
2026-01647,BACHELOR OF SCIENCE IN MECHANICAL ENGINEERING
2026-01659,BACHELOR OF SCIENCE IN MECHANICAL ENGINEERING
2026-01676,BACHELOR OF SCIENCE IN MECHANICAL ENGINEERING
2026-01743,BACHELOR OF SCIENCE IN MECHANICAL ENGINEERING
2026-01811,BACHELOR OF SCIENCE IN MECHANICAL ENGINEERING
2026-01874,BACHELOR OF SCIENCE IN MECHANICAL ENGINEERING
2026-01978,BACHELOR OF SCIENCE IN MECHANICAL ENGINEERING
2026-02160,BACHELOR OF SCIENCE IN MECHANICAL ENGINEERING
2026-02598,BACHELOR OF SCIENCE IN MECHANICAL ENGINEERING
2026-02645,BACHELOR OF SCIENCE IN MECHANICAL ENGINEERING
2026-02850,BACHELOR OF SCIENCE IN MECHANICAL ENGINEERING
2026-02860,BACHELOR OF SCIENCE IN MECHANICAL ENGINEERING
2026-02943,BACHELOR OF SCIENCE IN MECHANICAL ENGINEERING
2026-02976,BACHELOR OF SCIENCE IN MECHANICAL ENGINEERING
2026-03022,BACHELOR OF SCIENCE IN MECHANICAL ENGINEERING
2026-03052,BACHELOR OF SCIENCE IN MECHANICAL ENGINEERING
2026-03227,BACHELOR OF SCIENCE IN MECHANICAL ENGINEERING
2026-03671,BACHELOR OF SCIENCE IN MECHANICAL ENGINEERING
2026-03824,BACHELOR OF SCIENCE IN MECHANICAL ENGINEERING
2026-03848,BACHELOR OF SCIENCE IN MECHANICAL ENGINEERING
2026-03952,BACHELOR OF SCIENCE IN MECHANICAL ENGINEERING
2026-03961,BACHELOR OF SCIENCE IN MECHANICAL ENGINEERING
2026-04271,BACHELOR OF SCIENCE IN MECHANICAL ENGINEERING
2026-04295,BACHELOR OF SCIENCE IN MECHANICAL ENGINEERING
2026-04515,BACHELOR OF SCIENCE IN MECHANICAL ENGINEERING
2026-04727,BACHELOR OF SCIENCE IN MECHANICAL ENGINEERING
2026-04738,BACHELOR OF SCIENCE IN MECHANICAL ENGINEERING
2026-04767,BACHELOR OF SCIENCE IN MECHANICAL ENGINEERING
2026-04948,BACHELOR OF SCIENCE IN MECHANICAL ENGINEERING
2026-04956,BACHELOR OF SCIENCE IN MECHANICAL ENGINEERING
2026-05069,BACHELOR OF SCIENCE IN MECHANICAL ENGINEERING
2026-05070,BACHELOR OF SCIENCE IN MECHANICAL ENGINEERING
2026-05236,BACHELOR OF SCIENCE IN MECHANICAL ENGINEERING
2026-05261,BACHELOR OF SCIENCE IN MECHANICAL ENGINEERING
2026-05566,BACHELOR OF SCIENCE IN MECHANICAL ENGINEERING
2026-05602,BACHELOR OF SCIENCE IN MECHANICAL ENGINEERING
2026-05732,BACHELOR OF SCIENCE IN MECHANICAL ENGINEERING
2026-05846,BACHELOR OF SCIENCE IN MECHANICAL ENGINEERING
2026-06022,BACHELOR OF SCIENCE IN MECHANICAL ENGINEERING
2026-06080,BACHELOR OF SCIENCE IN MECHANICAL ENGINEERING
2026-06486,BACHELOR OF SCIENCE IN MECHANICAL ENGINEERING
2026-06626,BACHELOR OF SCIENCE IN MECHANICAL ENGINEERING
2026-06703,BACHELOR OF SCIENCE IN MECHANICAL ENGINEERING
2026-07118,BACHELOR OF SCIENCE IN MECHANICAL ENGINEERING
2026-07273,BACHELOR OF SCIENCE IN MECHANICAL ENGINEERING
2026-07300,BACHELOR OF SCIENCE IN MECHANICAL ENGINEERING
2026-07307,BACHELOR OF SCIENCE IN MECHANICAL ENGINEERING
2026-07395,BACHELOR OF SCIENCE IN MECHANICAL ENGINEERING
2026-07633,BACHELOR OF SCIENCE IN MECHANICAL ENGINEERING
2026-07871,BACHELOR OF SCIENCE IN MECHANICAL ENGINEERING
2026-07997,BACHELOR OF SCIENCE IN MECHANICAL ENGINEERING
2026-08102,BACHELOR OF SCIENCE IN MECHANICAL ENGINEERING
2026-08144,BACHELOR OF SCIENCE IN MECHANICAL ENGINEERING
2026-08345,BACHELOR OF SCIENCE IN MECHANICAL ENGINEERING
2026-08499,BACHELOR OF SCIENCE IN MECHANICAL ENGINEERING
2026-08595,BACHELOR OF SCIENCE IN MECHANICAL ENGINEERING
2026-08744,BACHELOR OF SCIENCE IN MECHANICAL ENGINEERING
2026-09220,BACHELOR OF SCIENCE IN MECHANICAL ENGINEERING
2026-09329,BACHELOR OF SCIENCE IN MECHANICAL ENGINEERING
2026-09398,BACHELOR OF SCIENCE IN MECHANICAL ENGINEERING
2026-09506,BACHELOR OF SCIENCE IN MECHANICAL ENGINEERING
2026-09508,BACHELOR OF SCIENCE IN MECHANICAL ENGINEERING
2026-09666,BACHELOR OF SCIENCE IN MECHANICAL ENGINEERING
2026-09795,BACHELOR OF SCIENCE IN MECHANICAL ENGINEERING
2026-09805,BACHELOR OF SCIENCE IN MECHANICAL ENGINEERING
2026-10084,BACHELOR OF SCIENCE IN MECHANICAL ENGINEERING
2026-10465,BACHELOR OF SCIENCE IN MECHANICAL ENGINEERING
2026-10737,BACHELOR OF SCIENCE IN MECHANICAL ENGINEERING
2026-06097,BACHELOR OF INDUSTRIAL TECHNOLOGY MAJOR IN APPAREL AND FASHION TECHNOLOGY
2026-07439,BACHELOR OF INDUSTRIAL TECHNOLOGY MAJOR IN APPAREL AND FASHION TECHNOLOGY
2026-08160,BACHELOR OF INDUSTRIAL TECHNOLOGY MAJOR IN APPAREL AND FASHION TECHNOLOGY
2026-06132,BACHELOR OF INDUSTRIAL TECHNOLOGY MAJOR IN APPAREL AND FASHION TECHNOLOGY
2026-05019,BACHELOR OF INDUSTRIAL TECHNOLOGY MAJOR IN APPAREL AND FASHION TECHNOLOGY
2026-01453,BACHELOR OF INDUSTRIAL TECHNOLOGY MAJOR IN APPAREL AND FASHION TECHNOLOGY
2026-01965,BACHELOR OF INDUSTRIAL TECHNOLOGY MAJOR IN APPAREL AND FASHION TECHNOLOGY
2026-03245,BACHELOR OF INDUSTRIAL TECHNOLOGY MAJOR IN APPAREL AND FASHION TECHNOLOGY
2026-00912,BACHELOR OF INDUSTRIAL TECHNOLOGY MAJOR IN APPAREL AND FASHION TECHNOLOGY
2026-02596,BACHELOR OF INDUSTRIAL TECHNOLOGY MAJOR IN APPAREL AND FASHION TECHNOLOGY
2026-09963,BACHELOR OF INDUSTRIAL TECHNOLOGY MAJOR IN APPAREL AND FASHION TECHNOLOGY
2026-06574,BACHELOR OF INDUSTRIAL TECHNOLOGY MAJOR IN APPAREL AND FASHION TECHNOLOGY
2026-06737,BACHELOR OF INDUSTRIAL TECHNOLOGY MAJOR IN APPAREL AND FASHION TECHNOLOGY
2026-06824,BACHELOR OF INDUSTRIAL TECHNOLOGY MAJOR IN APPAREL AND FASHION TECHNOLOGY
2026-06718,BACHELOR OF INDUSTRIAL TECHNOLOGY MAJOR IN APPAREL AND FASHION TECHNOLOGY
2026-00377,BACHELOR OF INDUSTRIAL TECHNOLOGY MAJOR IN AUTOMOTIVE TECHNOLOGY
2026-00735,BACHELOR OF INDUSTRIAL TECHNOLOGY MAJOR IN AUTOMOTIVE TECHNOLOGY
2026-01264,BACHELOR OF INDUSTRIAL TECHNOLOGY MAJOR IN AUTOMOTIVE TECHNOLOGY
2026-03338,BACHELOR OF INDUSTRIAL TECHNOLOGY MAJOR IN AUTOMOTIVE TECHNOLOGY
2026-03900,BACHELOR OF INDUSTRIAL TECHNOLOGY MAJOR IN AUTOMOTIVE TECHNOLOGY
2026-05130,BACHELOR OF INDUSTRIAL TECHNOLOGY MAJOR IN AUTOMOTIVE TECHNOLOGY
2026-05181,BACHELOR OF INDUSTRIAL TECHNOLOGY MAJOR IN AUTOMOTIVE TECHNOLOGY
2026-07795,BACHELOR OF INDUSTRIAL TECHNOLOGY MAJOR IN AUTOMOTIVE TECHNOLOGY
2026-10092,BACHELOR OF INDUSTRIAL TECHNOLOGY MAJOR IN AUTOMOTIVE TECHNOLOGY
2026-10319,BACHELOR OF INDUSTRIAL TECHNOLOGY MAJOR IN AUTOMOTIVE TECHNOLOGY
2026-10490,BACHELOR OF INDUSTRIAL TECHNOLOGY MAJOR IN AUTOMOTIVE TECHNOLOGY
2026-10503,BACHELOR OF INDUSTRIAL TECHNOLOGY MAJOR IN AUTOMOTIVE TECHNOLOGY
2026-00205,BACHELOR OF INDUSTRIAL TECHNOLOGY MAJOR IN COMPUTER TECHNOLOGY
2026-00232,BACHELOR OF INDUSTRIAL TECHNOLOGY MAJOR IN COMPUTER TECHNOLOGY
2026-01087,BACHELOR OF INDUSTRIAL TECHNOLOGY MAJOR IN COMPUTER TECHNOLOGY
2026-01098,BACHELOR OF INDUSTRIAL TECHNOLOGY MAJOR IN COMPUTER TECHNOLOGY
2026-01434,BACHELOR OF INDUSTRIAL TECHNOLOGY MAJOR IN COMPUTER TECHNOLOGY
2026-02281,BACHELOR OF INDUSTRIAL TECHNOLOGY MAJOR IN COMPUTER TECHNOLOGY
2026-02520,BACHELOR OF INDUSTRIAL TECHNOLOGY MAJOR IN COMPUTER TECHNOLOGY
2026-02681,BACHELOR OF INDUSTRIAL TECHNOLOGY MAJOR IN COMPUTER TECHNOLOGY
2026-02896,BACHELOR OF INDUSTRIAL TECHNOLOGY MAJOR IN COMPUTER TECHNOLOGY
2026-03220,BACHELOR OF INDUSTRIAL TECHNOLOGY MAJOR IN COMPUTER TECHNOLOGY
2026-03288,BACHELOR OF INDUSTRIAL TECHNOLOGY MAJOR IN COMPUTER TECHNOLOGY
2026-03563,BACHELOR OF INDUSTRIAL TECHNOLOGY MAJOR IN COMPUTER TECHNOLOGY
2026-03676,BACHELOR OF INDUSTRIAL TECHNOLOGY MAJOR IN COMPUTER TECHNOLOGY
2026-03954,BACHELOR OF INDUSTRIAL TECHNOLOGY MAJOR IN COMPUTER TECHNOLOGY
2026-04209,BACHELOR OF INDUSTRIAL TECHNOLOGY MAJOR IN COMPUTER TECHNOLOGY
2026-04521,BACHELOR OF INDUSTRIAL TECHNOLOGY MAJOR IN COMPUTER TECHNOLOGY
2026-05091,BACHELOR OF INDUSTRIAL TECHNOLOGY MAJOR IN COMPUTER TECHNOLOGY
2026-06518,BACHELOR OF INDUSTRIAL TECHNOLOGY MAJOR IN COMPUTER TECHNOLOGY
2026-06545,BACHELOR OF INDUSTRIAL TECHNOLOGY MAJOR IN COMPUTER TECHNOLOGY
2026-06873,BACHELOR OF INDUSTRIAL TECHNOLOGY MAJOR IN COMPUTER TECHNOLOGY
2026-07103,BACHELOR OF INDUSTRIAL TECHNOLOGY MAJOR IN COMPUTER TECHNOLOGY
2026-07796,BACHELOR OF INDUSTRIAL TECHNOLOGY MAJOR IN COMPUTER TECHNOLOGY
2026-08126,BACHELOR OF INDUSTRIAL TECHNOLOGY MAJOR IN COMPUTER TECHNOLOGY
2026-08227,BACHELOR OF INDUSTRIAL TECHNOLOGY MAJOR IN COMPUTER TECHNOLOGY
2026-00066,BACHELOR OF INDUSTRIAL TECHNOLOGY MAJOR IN CULINARY TECHNOLOGY
2026-00597,BACHELOR OF INDUSTRIAL TECHNOLOGY MAJOR IN CULINARY TECHNOLOGY
2026-01483,BACHELOR OF INDUSTRIAL TECHNOLOGY MAJOR IN CULINARY TECHNOLOGY
2026-02074,BACHELOR OF INDUSTRIAL TECHNOLOGY MAJOR IN CULINARY TECHNOLOGY
2026-02274,BACHELOR OF INDUSTRIAL TECHNOLOGY MAJOR IN CULINARY TECHNOLOGY
2026-02740,BACHELOR OF INDUSTRIAL TECHNOLOGY MAJOR IN CULINARY TECHNOLOGY
2026-03137,BACHELOR OF INDUSTRIAL TECHNOLOGY MAJOR IN CULINARY TECHNOLOGY
2026-03866,BACHELOR OF INDUSTRIAL TECHNOLOGY MAJOR IN CULINARY TECHNOLOGY
2026-04058,BACHELOR OF INDUSTRIAL TECHNOLOGY MAJOR IN CULINARY TECHNOLOGY
2026-04664,BACHELOR OF INDUSTRIAL TECHNOLOGY MAJOR IN CULINARY TECHNOLOGY
2026-04666,BACHELOR OF INDUSTRIAL TECHNOLOGY MAJOR IN CULINARY TECHNOLOGY
2026-04667,BACHELOR OF INDUSTRIAL TECHNOLOGY MAJOR IN CULINARY TECHNOLOGY
2026-06181,BACHELOR OF INDUSTRIAL TECHNOLOGY MAJOR IN CULINARY TECHNOLOGY
2026-10721,BACHELOR OF INDUSTRIAL TECHNOLOGY MAJOR IN CULINARY TECHNOLOGY
2026-02761,BACHELOR OF INDUSTRIAL TECHNOLOGY MAJOR IN ELECTRICAL TECHNOLOGY
2026-05384,BACHELOR OF INDUSTRIAL TECHNOLOGY MAJOR IN ELECTRICAL TECHNOLOGY
2026-07057,BACHELOR OF INDUSTRIAL TECHNOLOGY MAJOR IN ELECTRICAL TECHNOLOGY
2026-07678,BACHELOR OF INDUSTRIAL TECHNOLOGY MAJOR IN ELECTRICAL TECHNOLOGY
2026-10762,BACHELOR OF INDUSTRIAL TECHNOLOGY MAJOR IN ELECTRICAL TECHNOLOGY
2026-01546,BACHELOR OF INDUSTRIAL TECHNOLOGY MAJOR IN ELECTRONICS TECHNOLOGY
2026-04524,BACHELOR OF INDUSTRIAL TECHNOLOGY MAJOR IN ELECTRONICS TECHNOLOGY
2026-04848,BACHELOR OF INDUSTRIAL TECHNOLOGY MAJOR IN ELECTRONICS TECHNOLOGY
2026-02169,BACHELOR OF INDUSTRIAL TECHNOLOGY MAJOR IN MECHANICAL TECHNOLOGY
2026-07782,BACHELOR OF INDUSTRIAL TECHNOLOGY MAJOR IN MECHANICAL TECHNOLOGY
2026-10594,BACHELOR OF INDUSTRIAL TECHNOLOGY MAJOR IN MECHANICAL TECHNOLOGY
2026-00984,BACHELOR OF INDUSTRIAL TECHNOLOGY MAJOR IN PRINT MEDIA TECHNOLOGY
2026-01971,BACHELOR OF INDUSTRIAL TECHNOLOGY MAJOR IN PRINT MEDIA TECHNOLOGY
2026-02788,BACHELOR OF INDUSTRIAL TECHNOLOGY MAJOR IN PRINT MEDIA TECHNOLOGY
2026-02795,BACHELOR OF INDUSTRIAL TECHNOLOGY MAJOR IN PRINT MEDIA TECHNOLOGY
2026-09314,BACHELOR OF INDUSTRIAL TECHNOLOGY MAJOR IN PRINT MEDIA TECHNOLOGY
2026-00213,BACHELOR OF SCIENCE IN INFORMATION TECHNOLOGY
2026-00457,BACHELOR OF SCIENCE IN INFORMATION TECHNOLOGY
2026-00843,BACHELOR OF SCIENCE IN INFORMATION TECHNOLOGY
2026-01183,BACHELOR OF SCIENCE IN INFORMATION TECHNOLOGY
2026-01215,BACHELOR OF SCIENCE IN INFORMATION TECHNOLOGY
2026-01270,BACHELOR OF SCIENCE IN INFORMATION TECHNOLOGY
2026-01550,BACHELOR OF SCIENCE IN INFORMATION TECHNOLOGY
2026-01592,BACHELOR OF SCIENCE IN INFORMATION TECHNOLOGY
2026-01694,BACHELOR OF SCIENCE IN INFORMATION TECHNOLOGY
2026-01714,BACHELOR OF SCIENCE IN INFORMATION TECHNOLOGY
2026-01727,BACHELOR OF SCIENCE IN INFORMATION TECHNOLOGY
2026-01858,BACHELOR OF SCIENCE IN INFORMATION TECHNOLOGY
2026-01938,BACHELOR OF SCIENCE IN INFORMATION TECHNOLOGY
2026-02293,BACHELOR OF SCIENCE IN INFORMATION TECHNOLOGY
2026-02418,BACHELOR OF SCIENCE IN INFORMATION TECHNOLOGY
2026-02503,BACHELOR OF SCIENCE IN INFORMATION TECHNOLOGY
2026-02775,BACHELOR OF SCIENCE IN INFORMATION TECHNOLOGY
2026-02930,BACHELOR OF SCIENCE IN INFORMATION TECHNOLOGY
2026-03034,BACHELOR OF SCIENCE IN INFORMATION TECHNOLOGY
2026-03343,BACHELOR OF SCIENCE IN INFORMATION TECHNOLOGY
2026-03418,BACHELOR OF SCIENCE IN INFORMATION TECHNOLOGY
2026-03446,BACHELOR OF SCIENCE IN INFORMATION TECHNOLOGY
2026-03477,BACHELOR OF SCIENCE IN INFORMATION TECHNOLOGY
2026-03518,BACHELOR OF SCIENCE IN INFORMATION TECHNOLOGY
2026-03606,BACHELOR OF SCIENCE IN INFORMATION TECHNOLOGY
2026-04013,BACHELOR OF SCIENCE IN INFORMATION TECHNOLOGY
2026-04992,BACHELOR OF SCIENCE IN INFORMATION TECHNOLOGY
2026-05409,BACHELOR OF SCIENCE IN INFORMATION TECHNOLOGY
2026-05520,BACHELOR OF SCIENCE IN INFORMATION TECHNOLOGY
2026-05735,BACHELOR OF SCIENCE IN INFORMATION TECHNOLOGY
2026-05816,BACHELOR OF SCIENCE IN INFORMATION TECHNOLOGY
2026-05936,BACHELOR OF SCIENCE IN INFORMATION TECHNOLOGY
2026-06291,BACHELOR OF SCIENCE IN INFORMATION TECHNOLOGY
2026-06410,BACHELOR OF SCIENCE IN INFORMATION TECHNOLOGY
2026-06509,BACHELOR OF SCIENCE IN INFORMATION TECHNOLOGY
2026-07926,BACHELOR OF SCIENCE IN INFORMATION TECHNOLOGY
2026-08132,BACHELOR OF SCIENCE IN INFORMATION TECHNOLOGY
2026-08280,BACHELOR OF SCIENCE IN INFORMATION TECHNOLOGY
2026-08335,BACHELOR OF SCIENCE IN INFORMATION TECHNOLOGY
2026-09086,BACHELOR OF SCIENCE IN INFORMATION TECHNOLOGY
2026-09112,BACHELOR OF SCIENCE IN INFORMATION TECHNOLOGY
2026-09477,BACHELOR OF SCIENCE IN INFORMATION TECHNOLOGY
2026-09498,BACHELOR OF SCIENCE IN INFORMATION TECHNOLOGY
2026-09528,BACHELOR OF SCIENCE IN INFORMATION TECHNOLOGY
2026-10007,BACHELOR OF SCIENCE IN INFORMATION TECHNOLOGY
2026-10016,BACHELOR OF SCIENCE IN INFORMATION TECHNOLOGY
2026-10072,BACHELOR OF SCIENCE IN INFORMATION TECHNOLOGY
2026-10078,BACHELOR OF SCIENCE IN INFORMATION TECHNOLOGY
2026-10122,BACHELOR OF SCIENCE IN INFORMATION TECHNOLOGY
2026-10620,BACHELOR OF SCIENCE IN INFORMATION TECHNOLOGY
2026-00699,BACHELOR OF CULTURE AND ARTS EDUCATION
2026-01603,BACHELOR OF CULTURE AND ARTS EDUCATION
2026-01679,BACHELOR OF CULTURE AND ARTS EDUCATION
2026-02214,BACHELOR OF CULTURE AND ARTS EDUCATION
2026-02576,BACHELOR OF CULTURE AND ARTS EDUCATION
2026-02855,BACHELOR OF CULTURE AND ARTS EDUCATION
2026-02965,BACHELOR OF CULTURE AND ARTS EDUCATION
2026-03084,BACHELOR OF CULTURE AND ARTS EDUCATION
2026-03207,BACHELOR OF CULTURE AND ARTS EDUCATION
2026-03491,BACHELOR OF CULTURE AND ARTS EDUCATION
2026-03725,BACHELOR OF CULTURE AND ARTS EDUCATION
2026-04205,BACHELOR OF CULTURE AND ARTS EDUCATION
2026-04279,BACHELOR OF CULTURE AND ARTS EDUCATION
2026-04411,BACHELOR OF CULTURE AND ARTS EDUCATION
2026-05194,BACHELOR OF CULTURE AND ARTS EDUCATION
2026-05469,BACHELOR OF CULTURE AND ARTS EDUCATION
2026-05611,BACHELOR OF CULTURE AND ARTS EDUCATION
2026-05622,BACHELOR OF CULTURE AND ARTS EDUCATION
2026-05963,BACHELOR OF CULTURE AND ARTS EDUCATION
2026-06821,BACHELOR OF CULTURE AND ARTS EDUCATION
2026-06859,BACHELOR OF CULTURE AND ARTS EDUCATION
2026-06899,BACHELOR OF CULTURE AND ARTS EDUCATION
2026-07626,BACHELOR OF CULTURE AND ARTS EDUCATION
2026-08281,BACHELOR OF CULTURE AND ARTS EDUCATION
2026-08300,BACHELOR OF CULTURE AND ARTS EDUCATION
2026-08411,BACHELOR OF CULTURE AND ARTS EDUCATION
2026-08557,BACHELOR OF CULTURE AND ARTS EDUCATION
2026-09591,BACHELOR OF CULTURE AND ARTS EDUCATION
2026-10362,BACHELOR OF CULTURE AND ARTS EDUCATION
2026-10464,BACHELOR OF CULTURE AND ARTS EDUCATION
2026-10511,BACHELOR OF CULTURE AND ARTS EDUCATION
2026-00198,BACHELOR OF ELEMENTARY EDUCATION
2026-00482,BACHELOR OF ELEMENTARY EDUCATION
2026-00490,BACHELOR OF ELEMENTARY EDUCATION
2026-00798,BACHELOR OF ELEMENTARY EDUCATION
2026-01065,BACHELOR OF ELEMENTARY EDUCATION
2026-01255,BACHELOR OF ELEMENTARY EDUCATION
2026-01819,BACHELOR OF ELEMENTARY EDUCATION
2026-01923,BACHELOR OF ELEMENTARY EDUCATION
2026-02045,BACHELOR OF ELEMENTARY EDUCATION
2026-02250,BACHELOR OF ELEMENTARY EDUCATION
2026-02970,BACHELOR OF ELEMENTARY EDUCATION
2026-03362,BACHELOR OF ELEMENTARY EDUCATION
2026-03415,BACHELOR OF ELEMENTARY EDUCATION
2026-03681,BACHELOR OF ELEMENTARY EDUCATION
2026-04023,BACHELOR OF ELEMENTARY EDUCATION
2026-04069,BACHELOR OF ELEMENTARY EDUCATION
2026-04304,BACHELOR OF ELEMENTARY EDUCATION
2026-04329,BACHELOR OF ELEMENTARY EDUCATION
2026-06052,BACHELOR OF ELEMENTARY EDUCATION
2026-07457,BACHELOR OF ELEMENTARY EDUCATION
2026-07540,BACHELOR OF ELEMENTARY EDUCATION
2026-08063,BACHELOR OF ELEMENTARY EDUCATION
2026-08501,BACHELOR OF ELEMENTARY EDUCATION
2026-08587,BACHELOR OF ELEMENTARY EDUCATION
2026-08762,BACHELOR OF ELEMENTARY EDUCATION
2026-09436,BACHELOR OF ELEMENTARY EDUCATION
2026-09804,BACHELOR OF ELEMENTARY EDUCATION
2026-09813,BACHELOR OF ELEMENTARY EDUCATION
2026-10276,BACHELOR OF ELEMENTARY EDUCATION
2026-10763,BACHELOR OF ELEMENTARY EDUCATION
2026-10778,BACHELOR OF ELEMENTARY EDUCATION
2026-10895,BACHELOR OF ELEMENTARY EDUCATION
2026-00712,BACHELOR OF SCIENCE IN EXECISE AND SPORTS SCIENCES
2026-02100,BACHELOR OF SCIENCE IN EXECISE AND SPORTS SCIENCES
2026-02298,BACHELOR OF SCIENCE IN EXECISE AND SPORTS SCIENCES
2026-03346,BACHELOR OF SCIENCE IN EXECISE AND SPORTS SCIENCES
2026-03378,BACHELOR OF SCIENCE IN EXECISE AND SPORTS SCIENCES
2026-03432,BACHELOR OF SCIENCE IN EXECISE AND SPORTS SCIENCES
2026-03634,BACHELOR OF SCIENCE IN EXECISE AND SPORTS SCIENCES
2026-03714,BACHELOR OF SCIENCE IN EXECISE AND SPORTS SCIENCES
2026-04489,BACHELOR OF SCIENCE IN EXECISE AND SPORTS SCIENCES
2026-08831,BACHELOR OF SCIENCE IN EXECISE AND SPORTS SCIENCES
2026-09540,BACHELOR OF SCIENCE IN EXECISE AND SPORTS SCIENCES
2026-10392,BACHELOR OF SCIENCE IN EXECISE AND SPORTS SCIENCES
2026-10485,BACHELOR OF SCIENCE IN EXECISE AND SPORTS SCIENCES
2026-10655,BACHELOR OF SCIENCE IN EXECISE AND SPORTS SCIENCES
2026-10771,BACHELOR OF SCIENCE IN EXECISE AND SPORTS SCIENCES
2026-00065,BACHELOR OF SECONDARY EDUCATION MAJOR IN ENGLISH
2026-00077,BACHELOR OF SECONDARY EDUCATION MAJOR IN ENGLISH
2026-00200,BACHELOR OF SECONDARY EDUCATION MAJOR IN ENGLISH
2026-00246,BACHELOR OF SECONDARY EDUCATION MAJOR IN ENGLISH
2026-00355,BACHELOR OF SECONDARY EDUCATION MAJOR IN ENGLISH
2026-00446,BACHELOR OF SECONDARY EDUCATION MAJOR IN ENGLISH
2026-00705,BACHELOR OF SECONDARY EDUCATION MAJOR IN ENGLISH
2026-00758,BACHELOR OF SECONDARY EDUCATION MAJOR IN ENGLISH
2026-00925,BACHELOR OF SECONDARY EDUCATION MAJOR IN ENGLISH
2026-00945,BACHELOR OF SECONDARY EDUCATION MAJOR IN ENGLISH
2026-01258,BACHELOR OF SECONDARY EDUCATION MAJOR IN ENGLISH
2026-01277,BACHELOR OF SECONDARY EDUCATION MAJOR IN ENGLISH
2026-01382,BACHELOR OF SECONDARY EDUCATION MAJOR IN ENGLISH
2026-01426,BACHELOR OF SECONDARY EDUCATION MAJOR IN ENGLISH
2026-01501,BACHELOR OF SECONDARY EDUCATION MAJOR IN ENGLISH
2026-01515,BACHELOR OF SECONDARY EDUCATION MAJOR IN ENGLISH
2026-01597,BACHELOR OF SECONDARY EDUCATION MAJOR IN ENGLISH
2026-01799,BACHELOR OF SECONDARY EDUCATION MAJOR IN ENGLISH
2026-01851,BACHELOR OF SECONDARY EDUCATION MAJOR IN ENGLISH
2026-02033,BACHELOR OF SECONDARY EDUCATION MAJOR IN ENGLISH
2026-02187,BACHELOR OF SECONDARY EDUCATION MAJOR IN ENGLISH
2026-02191,BACHELOR OF SECONDARY EDUCATION MAJOR IN ENGLISH
2026-02257,BACHELOR OF SECONDARY EDUCATION MAJOR IN ENGLISH
2026-02272,BACHELOR OF SECONDARY EDUCATION MAJOR IN ENGLISH
2026-02442,BACHELOR OF SECONDARY EDUCATION MAJOR IN ENGLISH
2026-03050,BACHELOR OF SECONDARY EDUCATION MAJOR IN ENGLISH
2026-03155,BACHELOR OF SECONDARY EDUCATION MAJOR IN ENGLISH
2026-03222,BACHELOR OF SECONDARY EDUCATION MAJOR IN ENGLISH
2026-03348,BACHELOR OF SECONDARY EDUCATION MAJOR IN ENGLISH
2026-03382,BACHELOR OF SECONDARY EDUCATION MAJOR IN ENGLISH
2026-03394,BACHELOR OF SECONDARY EDUCATION MAJOR IN ENGLISH
2026-03429,BACHELOR OF SECONDARY EDUCATION MAJOR IN ENGLISH
2026-03816,BACHELOR OF SECONDARY EDUCATION MAJOR IN ENGLISH
2026-03965,BACHELOR OF SECONDARY EDUCATION MAJOR IN ENGLISH
2026-04262,BACHELOR OF SECONDARY EDUCATION MAJOR IN ENGLISH
2026-04293,BACHELOR OF SECONDARY EDUCATION MAJOR IN ENGLISH
2026-04403,BACHELOR OF SECONDARY EDUCATION MAJOR IN ENGLISH
2026-04482,BACHELOR OF SECONDARY EDUCATION MAJOR IN ENGLISH
2026-04693,BACHELOR OF SECONDARY EDUCATION MAJOR IN ENGLISH
2026-04771,BACHELOR OF SECONDARY EDUCATION MAJOR IN ENGLISH
2026-04979,BACHELOR OF SECONDARY EDUCATION MAJOR IN ENGLISH
2026-05251,BACHELOR OF SECONDARY EDUCATION MAJOR IN ENGLISH
2026-05422,BACHELOR OF SECONDARY EDUCATION MAJOR IN ENGLISH
2026-05484,BACHELOR OF SECONDARY EDUCATION MAJOR IN ENGLISH
2026-05650,BACHELOR OF SECONDARY EDUCATION MAJOR IN ENGLISH
2026-05661,BACHELOR OF SECONDARY EDUCATION MAJOR IN ENGLISH
2026-05718,BACHELOR OF SECONDARY EDUCATION MAJOR IN ENGLISH
2026-06191,BACHELOR OF SECONDARY EDUCATION MAJOR IN ENGLISH
2026-06363,BACHELOR OF SECONDARY EDUCATION MAJOR IN ENGLISH
2026-06390,BACHELOR OF SECONDARY EDUCATION MAJOR IN ENGLISH
2026-06418,BACHELOR OF SECONDARY EDUCATION MAJOR IN ENGLISH
2026-06536,BACHELOR OF SECONDARY EDUCATION MAJOR IN ENGLISH
2026-06540,BACHELOR OF SECONDARY EDUCATION MAJOR IN ENGLISH
2026-06559,BACHELOR OF SECONDARY EDUCATION MAJOR IN ENGLISH
2026-06769,BACHELOR OF SECONDARY EDUCATION MAJOR IN ENGLISH
2026-06823,BACHELOR OF SECONDARY EDUCATION MAJOR IN ENGLISH
2026-06848,BACHELOR OF SECONDARY EDUCATION MAJOR IN ENGLISH
2026-06921,BACHELOR OF SECONDARY EDUCATION MAJOR IN ENGLISH
2026-06924,BACHELOR OF SECONDARY EDUCATION MAJOR IN ENGLISH
2026-07015,BACHELOR OF SECONDARY EDUCATION MAJOR IN ENGLISH
2026-07641,BACHELOR OF SECONDARY EDUCATION MAJOR IN ENGLISH
2026-07941,BACHELOR OF SECONDARY EDUCATION MAJOR IN ENGLISH
2026-08078,BACHELOR OF SECONDARY EDUCATION MAJOR IN ENGLISH
2026-08246,BACHELOR OF SECONDARY EDUCATION MAJOR IN ENGLISH
2026-08436,BACHELOR OF SECONDARY EDUCATION MAJOR IN ENGLISH
2026-08638,BACHELOR OF SECONDARY EDUCATION MAJOR IN ENGLISH
2026-08695,BACHELOR OF SECONDARY EDUCATION MAJOR IN ENGLISH
2026-08836,BACHELOR OF SECONDARY EDUCATION MAJOR IN ENGLISH
2026-08956,BACHELOR OF SECONDARY EDUCATION MAJOR IN ENGLISH
2026-09136,BACHELOR OF SECONDARY EDUCATION MAJOR IN ENGLISH
2026-09315,BACHELOR OF SECONDARY EDUCATION MAJOR IN ENGLISH
2026-09334,BACHELOR OF SECONDARY EDUCATION MAJOR IN ENGLISH
2026-09592,BACHELOR OF SECONDARY EDUCATION MAJOR IN ENGLISH
2026-09902,BACHELOR OF SECONDARY EDUCATION MAJOR IN ENGLISH
2026-10127,BACHELOR OF SECONDARY EDUCATION MAJOR IN ENGLISH
2026-10368,BACHELOR OF SECONDARY EDUCATION MAJOR IN ENGLISH
2026-10941,BACHELOR OF SECONDARY EDUCATION MAJOR IN ENGLISH
2026-00045,BACHELOR OF SECONDARY EDUCATION MAJOR IN FILIPINO
2026-00117,BACHELOR OF SECONDARY EDUCATION MAJOR IN FILIPINO
2026-00370,BACHELOR OF SECONDARY EDUCATION MAJOR IN FILIPINO
2026-00575,BACHELOR OF SECONDARY EDUCATION MAJOR IN FILIPINO
2026-00666,BACHELOR OF SECONDARY EDUCATION MAJOR IN FILIPINO
2026-00692,BACHELOR OF SECONDARY EDUCATION MAJOR IN FILIPINO
2026-01329,BACHELOR OF SECONDARY EDUCATION MAJOR IN FILIPINO
2026-01633,BACHELOR OF SECONDARY EDUCATION MAJOR IN FILIPINO
2026-01642,BACHELOR OF SECONDARY EDUCATION MAJOR IN FILIPINO
2026-01652,BACHELOR OF SECONDARY EDUCATION MAJOR IN FILIPINO
2026-02093,BACHELOR OF SECONDARY EDUCATION MAJOR IN FILIPINO
2026-02288,BACHELOR OF SECONDARY EDUCATION MAJOR IN FILIPINO
2026-03262,BACHELOR OF SECONDARY EDUCATION MAJOR IN FILIPINO
2026-03586,BACHELOR OF SECONDARY EDUCATION MAJOR IN FILIPINO
2026-03721,BACHELOR OF SECONDARY EDUCATION MAJOR IN FILIPINO
2026-03895,BACHELOR OF SECONDARY EDUCATION MAJOR IN FILIPINO
2026-04644,BACHELOR OF SECONDARY EDUCATION MAJOR IN FILIPINO
2026-05024,BACHELOR OF SECONDARY EDUCATION MAJOR IN FILIPINO
2026-05778,BACHELOR OF SECONDARY EDUCATION MAJOR IN FILIPINO
2026-05868,BACHELOR OF SECONDARY EDUCATION MAJOR IN FILIPINO
2026-07111,BACHELOR OF SECONDARY EDUCATION MAJOR IN FILIPINO
2026-07683,BACHELOR OF SECONDARY EDUCATION MAJOR IN FILIPINO
2026-08511,BACHELOR OF SECONDARY EDUCATION MAJOR IN FILIPINO
2026-08662,BACHELOR OF SECONDARY EDUCATION MAJOR IN FILIPINO
2026-09127,BACHELOR OF SECONDARY EDUCATION MAJOR IN FILIPINO
2026-09390,BACHELOR OF SECONDARY EDUCATION MAJOR IN FILIPINO
2026-09633,BACHELOR OF SECONDARY EDUCATION MAJOR IN FILIPINO
2026-09758,BACHELOR OF SECONDARY EDUCATION MAJOR IN FILIPINO
2026-10289,BACHELOR OF SECONDARY EDUCATION MAJOR IN FILIPINO
2026-10645,BACHELOR OF SECONDARY EDUCATION MAJOR IN FILIPINO
2026-10925,BACHELOR OF SECONDARY EDUCATION MAJOR IN FILIPINO
2026-00236,BACHELOR OF SECONDARY EDUCATION MAJOR IN MATHEMATICS
2026-00535,BACHELOR OF SECONDARY EDUCATION MAJOR IN MATHEMATICS
2026-01070,BACHELOR OF SECONDARY EDUCATION MAJOR IN MATHEMATICS
2026-01783,BACHELOR OF SECONDARY EDUCATION MAJOR IN MATHEMATICS
2026-01977,BACHELOR OF SECONDARY EDUCATION MAJOR IN MATHEMATICS
2026-02061,BACHELOR OF SECONDARY EDUCATION MAJOR IN MATHEMATICS
2026-02080,BACHELOR OF SECONDARY EDUCATION MAJOR IN MATHEMATICS
2026-02451,BACHELOR OF SECONDARY EDUCATION MAJOR IN MATHEMATICS
2026-03468,BACHELOR OF SECONDARY EDUCATION MAJOR IN MATHEMATICS
2026-03552,BACHELOR OF SECONDARY EDUCATION MAJOR IN MATHEMATICS
2026-03724,BACHELOR OF SECONDARY EDUCATION MAJOR IN MATHEMATICS
2026-04085,BACHELOR OF SECONDARY EDUCATION MAJOR IN MATHEMATICS
2026-04108,BACHELOR OF SECONDARY EDUCATION MAJOR IN MATHEMATICS
2026-04132,BACHELOR OF SECONDARY EDUCATION MAJOR IN MATHEMATICS
2026-04303,BACHELOR OF SECONDARY EDUCATION MAJOR IN MATHEMATICS
2026-04446,BACHELOR OF SECONDARY EDUCATION MAJOR IN MATHEMATICS
2026-04549,BACHELOR OF SECONDARY EDUCATION MAJOR IN MATHEMATICS
2026-04881,BACHELOR OF SECONDARY EDUCATION MAJOR IN MATHEMATICS
2026-05596,BACHELOR OF SECONDARY EDUCATION MAJOR IN MATHEMATICS
2026-05648,BACHELOR OF SECONDARY EDUCATION MAJOR IN MATHEMATICS
2026-05759,BACHELOR OF SECONDARY EDUCATION MAJOR IN MATHEMATICS
2026-06123,BACHELOR OF SECONDARY EDUCATION MAJOR IN MATHEMATICS
2026-06136,BACHELOR OF SECONDARY EDUCATION MAJOR IN MATHEMATICS
2026-06462,BACHELOR OF SECONDARY EDUCATION MAJOR IN MATHEMATICS
2026-06719,BACHELOR OF SECONDARY EDUCATION MAJOR IN MATHEMATICS
2026-07692,BACHELOR OF SECONDARY EDUCATION MAJOR IN MATHEMATICS
2026-08391,BACHELOR OF SECONDARY EDUCATION MAJOR IN MATHEMATICS
2026-08498,BACHELOR OF SECONDARY EDUCATION MAJOR IN MATHEMATICS
2026-08512,BACHELOR OF SECONDARY EDUCATION MAJOR IN MATHEMATICS
2026-08553,BACHELOR OF SECONDARY EDUCATION MAJOR IN MATHEMATICS
2026-09216,BACHELOR OF SECONDARY EDUCATION MAJOR IN MATHEMATICS
2026-09275,BACHELOR OF SECONDARY EDUCATION MAJOR IN MATHEMATICS
2026-10070,BACHELOR OF SECONDARY EDUCATION MAJOR IN MATHEMATICS
2026-10351,BACHELOR OF SECONDARY EDUCATION MAJOR IN MATHEMATICS
2026-10538,BACHELOR OF SECONDARY EDUCATION MAJOR IN MATHEMATICS
2026-10546,BACHELOR OF SECONDARY EDUCATION MAJOR IN MATHEMATICS
2026-10741,BACHELOR OF SECONDARY EDUCATION MAJOR IN MATHEMATICS
2026-10745,BACHELOR OF SECONDARY EDUCATION MAJOR IN MATHEMATICS
2026-00171,BACHELOR OF SECONDARY EDUCATION MAJOR IN SCIENCES
2026-00328,BACHELOR OF SECONDARY EDUCATION MAJOR IN SCIENCES
2026-00395,BACHELOR OF SECONDARY EDUCATION MAJOR IN SCIENCES
2026-00675,BACHELOR OF SECONDARY EDUCATION MAJOR IN SCIENCES
2026-01246,BACHELOR OF SECONDARY EDUCATION MAJOR IN SCIENCES
2026-01618,BACHELOR OF SECONDARY EDUCATION MAJOR IN SCIENCES
2026-02060,BACHELOR OF SECONDARY EDUCATION MAJOR IN SCIENCES
2026-02347,BACHELOR OF SECONDARY EDUCATION MAJOR IN SCIENCES
2026-02917,BACHELOR OF SECONDARY EDUCATION MAJOR IN SCIENCES
2026-03519,BACHELOR OF SECONDARY EDUCATION MAJOR IN SCIENCES
2026-04045,BACHELOR OF SECONDARY EDUCATION MAJOR IN SCIENCES
2026-04051,BACHELOR OF SECONDARY EDUCATION MAJOR IN SCIENCES
2026-04174,BACHELOR OF SECONDARY EDUCATION MAJOR IN SCIENCES
2026-04435,BACHELOR OF SECONDARY EDUCATION MAJOR IN SCIENCES
2026-04444,BACHELOR OF SECONDARY EDUCATION MAJOR IN SCIENCES
2026-04963,BACHELOR OF SECONDARY EDUCATION MAJOR IN SCIENCES
2026-05249,BACHELOR OF SECONDARY EDUCATION MAJOR IN SCIENCES
2026-05362,BACHELOR OF SECONDARY EDUCATION MAJOR IN SCIENCES
2026-05927,BACHELOR OF SECONDARY EDUCATION MAJOR IN SCIENCES
2026-06309,BACHELOR OF SECONDARY EDUCATION MAJOR IN SCIENCES
2026-07460,BACHELOR OF SECONDARY EDUCATION MAJOR IN SCIENCES
2026-07677,BACHELOR OF SECONDARY EDUCATION MAJOR IN SCIENCES
2026-08207,BACHELOR OF SECONDARY EDUCATION MAJOR IN SCIENCES
2026-08245,BACHELOR OF SECONDARY EDUCATION MAJOR IN SCIENCES
2026-08382,BACHELOR OF SECONDARY EDUCATION MAJOR IN SCIENCES
2026-08507,BACHELOR OF SECONDARY EDUCATION MAJOR IN SCIENCES
2026-10500,BACHELOR OF SECONDARY EDUCATION MAJOR IN SCIENCES
2026-00018,BACHELOR OF SECONDARY EDUCATION MAJOR IN SOCIAL STUDIES
2026-00238,BACHELOR OF SECONDARY EDUCATION MAJOR IN SOCIAL STUDIES
2026-01684,BACHELOR OF SECONDARY EDUCATION MAJOR IN SOCIAL STUDIES
2026-02102,BACHELOR OF SECONDARY EDUCATION MAJOR IN SOCIAL STUDIES
2026-02331,BACHELOR OF SECONDARY EDUCATION MAJOR IN SOCIAL STUDIES
2026-03148,BACHELOR OF SECONDARY EDUCATION MAJOR IN SOCIAL STUDIES
2026-03421,BACHELOR OF SECONDARY EDUCATION MAJOR IN SOCIAL STUDIES
2026-03422,BACHELOR OF SECONDARY EDUCATION MAJOR IN SOCIAL STUDIES
2026-03941,BACHELOR OF SECONDARY EDUCATION MAJOR IN SOCIAL STUDIES
2026-04138,BACHELOR OF SECONDARY EDUCATION MAJOR IN SOCIAL STUDIES
2026-04145,BACHELOR OF SECONDARY EDUCATION MAJOR IN SOCIAL STUDIES
2026-04245,BACHELOR OF SECONDARY EDUCATION MAJOR IN SOCIAL STUDIES
2026-04247,BACHELOR OF SECONDARY EDUCATION MAJOR IN SOCIAL STUDIES
2026-04437,BACHELOR OF SECONDARY EDUCATION MAJOR IN SOCIAL STUDIES
2026-04461,BACHELOR OF SECONDARY EDUCATION MAJOR IN SOCIAL STUDIES
2026-04607,BACHELOR OF SECONDARY EDUCATION MAJOR IN SOCIAL STUDIES
2026-04947,BACHELOR OF SECONDARY EDUCATION MAJOR IN SOCIAL STUDIES
2026-05112,BACHELOR OF SECONDARY EDUCATION MAJOR IN SOCIAL STUDIES
2026-05480,BACHELOR OF SECONDARY EDUCATION MAJOR IN SOCIAL STUDIES
2026-05849,BACHELOR OF SECONDARY EDUCATION MAJOR IN SOCIAL STUDIES
2026-06905,BACHELOR OF SECONDARY EDUCATION MAJOR IN SOCIAL STUDIES
2026-06952,BACHELOR OF SECONDARY EDUCATION MAJOR IN SOCIAL STUDIES
2026-07296,BACHELOR OF SECONDARY EDUCATION MAJOR IN SOCIAL STUDIES
2026-07584,BACHELOR OF SECONDARY EDUCATION MAJOR IN SOCIAL STUDIES
2026-07843,BACHELOR OF SECONDARY EDUCATION MAJOR IN SOCIAL STUDIES
2026-08017,BACHELOR OF SECONDARY EDUCATION MAJOR IN SOCIAL STUDIES
2026-08399,BACHELOR OF SECONDARY EDUCATION MAJOR IN SOCIAL STUDIES
2026-10104,BACHELOR OF SECONDARY EDUCATION MAJOR IN SOCIAL STUDIES
2026-10795,BACHELOR OF SECONDARY EDUCATION MAJOR IN SOCIAL STUDIES
2026-01852,BACHELOR OF TECHNOLOGY AND LIVELIHOOD EDUCATION MAJOR IN HOME ECONOMICS
2026-02068,BACHELOR OF TECHNOLOGY AND LIVELIHOOD EDUCATION MAJOR IN HOME ECONOMICS
2026-02689,BACHELOR OF TECHNOLOGY AND LIVELIHOOD EDUCATION MAJOR IN HOME ECONOMICS
2026-03741,BACHELOR OF TECHNOLOGY AND LIVELIHOOD EDUCATION MAJOR IN HOME ECONOMICS
2026-04839,BACHELOR OF TECHNOLOGY AND LIVELIHOOD EDUCATION MAJOR IN HOME ECONOMICS
2026-04994,BACHELOR OF TECHNOLOGY AND LIVELIHOOD EDUCATION MAJOR IN HOME ECONOMICS
2026-06569,BACHELOR OF TECHNOLOGY AND LIVELIHOOD EDUCATION MAJOR IN HOME ECONOMICS
2026-08370,BACHELOR OF TECHNOLOGY AND LIVELIHOOD EDUCATION MAJOR IN HOME ECONOMICS
2026-09409,BACHELOR OF TECHNOLOGY AND LIVELIHOOD EDUCATION MAJOR IN HOME ECONOMICS
2026-03769,BACHELOR OF TECHNOLOGY AND LIVELIHOOD EDUCATION MAJOR IN INFORMATION AND COMMUNICATION TECHNOLOGY
2026-06775,BACHELOR OF TECHNOLOGY AND LIVELIHOOD EDUCATION MAJOR IN INFORMATION AND COMMUNICATION TECHNOLOGY
2026-09203,BACHELOR OF TECHNOLOGY AND LIVELIHOOD EDUCATION MAJOR IN INFORMATION AND COMMUNICATION TECHNOLOGY